Data as of,State,County Name,Urban Rural Code,FIPS State,FIPS County,FIPS Code,Indicator,All Deaths Total,COVID-19 Deaths Total,Non-Hispanic White,Non-Hispanic Black,Non-Hispanic American Indian or Alaska Native,Non-Hispanic Asian,Other,Hispanic,Urban Rural Description,Footnote
07/15/2020,AL,Jefferson County,1,1,73,1073,Distribution of all-cause deaths (%),"4,214",203,0.63,0.351,0,0.005,0.003,0.01,Large central metro,Data based on counts less than 10 suppressed
07/15/2020,AL,Jefferson County,1,1,73,1073,Distribution of COVID-19 deaths (%),"4,214",203,0.542,0.433,0,0,0,0,Large central metro,Data based on counts less than 10 suppressed
07/15/2020,AL,Jefferson County,1,1,73,1073,Distribution of population (%),"4,214",203,0.497,0.431,0.002,0.018,0.012,0.04,Large central metro,0
07/15/2020,AL,Mobile County,3,1,97,1097,Distribution of all-cause deaths (%),"2,310",180,0.657,0.322,0.007,0.007,0,0.005,Medium metro,Data based on counts less than 10 suppressed
07/15/2020,AL,Mobile County,3,1,97,1097,Distribution of COVID-19 deaths (%),"2,310",180,0.456,0.517,0,0,0,0,Medium metro,Data based on counts less than 10 suppressed
07/15/2020,AL,Mobile County,3,1,97,1097,Distribution of population (%),"2,310",180,0.567,0.357,0.009,0.02,0.015,0.031,Medium metro,0
07/15/2020,AL,Montgomery County,3,1,101,1101,Distribution of all-cause deaths (%),"1,348",145,0.479,0.506,0,0,0,0,Medium metro,Data based on counts less than 10 suppressed
07/15/2020,AL,Montgomery County,3,1,101,1101,Distribution of COVID-19 deaths (%),"1,348",145,0.297,0.676,0,0,0,0,Medium metro,Data based on counts less than 10 suppressed
07/15/2020,AL,Montgomery County,3,1,101,1101,Distribution of population (%),"1,348",145,0.333,0.585,0.002,0.032,0.013,0.035,Medium metro,0
07/15/2020,AZ,Coconino County,4,4,5,4005,Distribution of all-cause deaths (%),575,102,0.464,0,0.423,0,0,0.085,Small metro,Data based on counts less than 10 suppressed
07/15/2020,AZ,Coconino County,4,4,5,4005,Distribution of COVID-19 deaths (%),575,102,0,0,0.902,0,0,0,Small metro,Data based on counts less than 10 suppressed
07/15/2020,AZ,Coconino County,4,4,5,4005,Distribution of population (%),575,102,0.54,0.013,0.26,0.019,0.026,0.143,Small metro,0
07/15/2020,AZ,Maricopa County,1,4,13,4013,Distribution of all-cause deaths (%),"17,957",905,0.738,0.048,0.03,0.016,0.024,0.145,Large central metro,0
07/15/2020,AZ,Maricopa County,1,4,13,4013,Distribution of COVID-19 deaths (%),"17,957",905,0.515,0.042,0.168,0.02,0.024,0.231,Large central metro,0
07/15/2020,AZ,Maricopa County,1,4,13,4013,Distribution of population (%),"17,957",905,0.549,0.055,0.017,0.043,0.024,0.313,Large central metro,0
07/15/2020,AZ,Pima County,3,4,19,4019,Distribution of all-cause deaths (%),"5,472",320,0.708,0.028,0.022,0.011,0.016,0.216,Medium metro,0
07/15/2020,AZ,Pima County,3,4,19,4019,Distribution of COVID-19 deaths (%),"5,472",320,0.497,0,0.05,0,0,0.391,Medium metro,Data based on counts less than 10 suppressed
07/15/2020,AZ,Pima County,3,4,19,4019,Distribution of population (%),"5,472",320,0.514,0.034,0.024,0.031,0.021,0.376,Medium metro,0
07/15/2020,AZ,Yuma County,4,4,27,4027,Distribution of all-cause deaths (%),912,115,0.56,0.02,0.023,0,0.02,0.375,Small metro,Data based on counts less than 10 suppressed
07/15/2020,AZ,Yuma County,4,4,27,4027,Distribution of COVID-19 deaths (%),912,115,0.2,0,0,0,0,0.704,Small metro,Data based on counts less than 10 suppressed
07/15/2020,AZ,Yuma County,4,4,27,4027,Distribution of population (%),912,115,0.304,0.019,0.01,0.012,0.012,0.643,Small metro,0
07/15/2020,CA,Alameda County,1,6,1,6001,Distribution of all-cause deaths (%),"4,784",143,0.467,0.19,0.003,0.192,0.023,0.126,Large central metro,0
07/15/2020,CA,Alameda County,1,6,1,6001,Distribution of COVID-19 deaths (%),"4,784",143,0.273,0.21,0,0.203,0,0.287,Large central metro,Data based on counts less than 10 suppressed
07/15/2020,CA,Alameda County,1,6,1,6001,Distribution of population (%),"4,784",143,0.311,0.103,0.003,0.311,0.049,0.224,Large central metro,0
07/15/2020,CA,Los Angeles County,1,6,37,6037,Distribution of all-cause deaths (%),"33,074","3,032",0.416,0.129,0.002,0.137,0.013,0.303,Large central metro,0
07/15/2020,CA,Los Angeles County,1,6,37,6037,Distribution of COVID-19 deaths (%),"33,074","3,032",0.266,0.114,0,0.17,0.009,0.44,Large central metro,Data based on counts less than 10 suppressed
07/15/2020,CA,Los Angeles County,1,6,37,6037,Distribution of population (%),"33,074","3,032",0.261,0.08,0.002,0.147,0.023,0.486,Large central metro,0
07/15/2020,CA,Orange County,1,6,59,6059,Distribution of all-cause deaths (%),"9,637",398,0.617,0.019,0.002,0.167,0.011,0.184,Large central metro,0
07/15/2020,CA,Orange County,1,6,59,6059,Distribution of COVID-19 deaths (%),"9,637",398,0.332,0.025,0,0.224,0,0.399,Large central metro,Data based on counts less than 10 suppressed
07/15/2020,CA,Orange County,1,6,59,6059,Distribution of population (%),"9,637",398,0.401,0.016,0.002,0.209,0.03,0.342,Large central metro,0
07/15/2020,CA,Riverside County,1,6,65,6065,Distribution of all-cause deaths (%),"8,259",473,0.618,0.075,0.005,0.041,0.016,0.245,Large central metro,0
07/15/2020,CA,Riverside County,1,6,65,6065,Distribution of COVID-19 deaths (%),"8,259",473,0.366,0.072,0,0.057,0,0.488,Large central metro,Data based on counts less than 10 suppressed
07/15/2020,CA,Riverside County,1,6,65,6065,Distribution of population (%),"8,259",473,0.347,0.062,0.005,0.065,0.026,0.496,Large central metro,0
07/15/2020,CA,San Bernardino County,2,6,71,6071,Distribution of all-cause deaths (%),"6,975",284,0.496,0.113,0.005,0.053,0.015,0.318,Large fringe metro,0
07/15/2020,CA,San Bernardino County,2,6,71,6071,Distribution of COVID-19 deaths (%),"6,975",284,0.349,0.099,0,0.077,0,0.458,Large fringe metro,Data based on counts less than 10 suppressed
07/15/2020,CA,San Bernardino County,2,6,71,6071,Distribution of population (%),"6,975",284,0.279,0.081,0.004,0.071,0.024,0.54,Large fringe metro,0
07/15/2020,CA,San Diego County,1,6,73,6073,Distribution of all-cause deaths (%),"10,581",444,0.634,0.052,0.003,0.084,0.021,0.205,Large central metro,0
07/15/2020,CA,San Diego County,1,6,73,6073,Distribution of COVID-19 deaths (%),"10,581",444,0.322,0.029,0,0.106,0,0.527,Large central metro,Data based on counts less than 10 suppressed
07/15/2020,CA,San Diego County,1,6,73,6073,Distribution of population (%),"10,581",444,0.452,0.047,0.004,0.12,0.038,0.34,Large central metro,0
07/15/2020,CA,San Mateo County,2,6,81,6081,Distribution of all-cause deaths (%),"2,176",114,0.582,0.038,0,0.226,0.02,0.133,Large fringe metro,Data based on counts less than 10 suppressed
07/15/2020,CA,San Mateo County,2,6,81,6081,Distribution of COVID-19 deaths (%),"2,176",114,0.509,0,0,0.237,0,0.193,Large fringe metro,Data based on counts less than 10 suppressed
07/15/2020,CA,San Mateo County,2,6,81,6081,Distribution of population (%),"2,176",114,0.389,0.023,0.001,0.294,0.05,0.243,Large fringe metro,0
07/15/2020,CA,Santa Clara County,1,6,85,6085,Distribution of all-cause deaths (%),"5,102",153,0.521,0.032,0.002,0.242,0.018,0.184,Large central metro,0
07/15/2020,CA,Santa Clara County,1,6,85,6085,Distribution of COVID-19 deaths (%),"5,102",153,0.294,0,0,0.34,0,0.307,Large central metro,Data based on counts less than 10 suppressed
07/15/2020,CA,Santa Clara County,1,6,85,6085,Distribution of population (%),"5,102",153,0.31,0.024,0.002,0.377,0.034,0.253,Large central metro,0
07/15/2020,CA,Tulare County,3,6,107,6107,Distribution of all-cause deaths (%),"1,460",114,0.577,0.013,0.016,0.033,0,0.356,Medium metro,Data based on counts less than 10 suppressed
07/15/2020,CA,Tulare County,3,6,107,6107,Distribution of COVID-19 deaths (%),"1,460",114,0.43,0,0,0,0,0.5,Medium metro,Data based on counts less than 10 suppressed
07/15/2020,CA,Tulare County,3,6,107,6107,Distribution of population (%),"1,460",114,0.281,0.012,0.007,0.033,0.015,0.652,Medium metro,0
07/15/2020,CO,Adams County,2,8,1,8001,Distribution of all-cause deaths (%),"1,724",218,0.617,0.074,0.008,0.032,0.014,0.254,Large fringe metro,0
07/15/2020,CO,Adams County,2,8,1,8001,Distribution of COVID-19 deaths (%),"1,724",218,0.335,0.115,0,0.046,0,0.482,Large fringe metro,Data based on counts less than 10 suppressed
07/15/2020,CO,Adams County,2,8,1,8001,Distribution of population (%),"1,724",218,0.496,0.032,0.006,0.041,0.021,0.404,Large fringe metro,0
07/15/2020,CO,Arapahoe County,2,8,5,8005,Distribution of all-cause deaths (%),"2,337",357,0.776,0.083,0.004,0.032,0.01,0.095,Large fringe metro,0
07/15/2020,CO,Arapahoe County,2,8,5,8005,Distribution of COVID-19 deaths (%),"2,337",357,0.683,0.09,0,0.059,0,0.146,Large fringe metro,Data based on counts less than 10 suppressed
07/15/2020,CO,Arapahoe County,2,8,5,8005,Distribution of population (%),"2,337",357,0.599,0.105,0.004,0.063,0.034,0.195,Large fringe metro,0
07/15/2020,CO,Denver County,1,8,31,8031,Distribution of all-cause deaths (%),"2,595",281,0.617,0.121,0.009,0.028,0.016,0.21,Large central metro,0
07/15/2020,CO,Denver County,1,8,31,8031,Distribution of COVID-19 deaths (%),"2,595",281,0.502,0.171,0,0.039,0,0.26,Large central metro,Data based on counts less than 10 suppressed
07/15/2020,CO,Denver County,1,8,31,8031,Distribution of population (%),"2,595",281,0.545,0.089,0.005,0.039,0.025,0.297,Large central metro,0
07/15/2020,CO,El Paso County,3,8,41,8041,Distribution of all-cause deaths (%),"2,352",110,0.792,0.065,0.006,0.016,0.023,0.099,Medium metro,0
07/15/2020,CO,El Paso County,3,8,41,8041,Distribution of COVID-19 deaths (%),"2,352",110,0.745,0.118,0,0,0,0.118,Medium metro,Data based on counts less than 10 suppressed
07/15/2020,CO,El Paso County,3,8,41,8041,Distribution of population (%),"2,352",110,0.689,0.061,0.006,0.029,0.041,0.175,Medium metro,0
07/15/2020,CO,Jefferson County,2,8,59,8059,Distribution of all-cause deaths (%),"2,339",195,0.837,0.014,0,0.012,0.008,0.125,Large fringe metro,Data based on counts less than 10 suppressed
07/15/2020,CO,Jefferson County,2,8,59,8059,Distribution of COVID-19 deaths (%),"2,339",195,0.728,0,0,0,0,0.221,Large fringe metro,Data based on counts less than 10 suppressed
07/15/2020,CO,Jefferson County,2,8,59,8059,Distribution of population (%),"2,339",195,0.78,0.011,0.005,0.029,0.019,0.155,Large fringe metro,0
07/15/2020,CO,Weld County,3,8,123,8123,Distribution of all-cause deaths (%),802,112,0.778,0,0,0.012,0,0.201,Medium metro,Data based on counts less than 10 suppressed
07/15/2020,CO,Weld County,3,8,123,8123,Distribution of COVID-19 deaths (%),802,112,0.616,0,0,0,0,0.321,Medium metro,Data based on counts less than 10 suppressed
07/15/2020,CO,Weld County,3,8,123,8123,Distribution of population (%),802,112,0.654,0.012,0.005,0.016,0.016,0.296,Medium metro,0
07/15/2020,CT,Fairfield County,3,9,1,9001,Distribution of all-cause deaths (%),"3,702","1,274",0.774,0.109,0,0.019,0.003,0.095,Medium metro,Data based on counts less than 10 suppressed
07/15/2020,CT,Fairfield County,3,9,1,9001,Distribution of COVID-19 deaths (%),"3,702","1,274",0.717,0.144,0,0.023,0,0.112,Medium metro,Data based on counts less than 10 suppressed
07/15/2020,CT,Fairfield County,3,9,1,9001,Distribution of population (%),"3,702","1,274",0.615,0.11,0.001,0.057,0.015,0.202,Medium metro,0
07/15/2020,CT,Hartford County,1,9,3,9003,Distribution of all-cause deaths (%),"4,315","1,215",0.774,0.125,0,0.013,0.002,0.085,Large central metro,Data based on counts less than 10 suppressed
07/15/2020,CT,Hartford County,1,9,3,9003,Distribution of COVID-19 deaths (%),"4,315","1,215",0.709,0.178,0,0,0,0.1,Large central metro,Data based on counts less than 10 suppressed
07/15/2020,CT,Hartford County,1,9,3,9003,Distribution of population (%),"4,315","1,215",0.606,0.132,0.002,0.057,0.018,0.185,Large central metro,0
07/15/2020,CT,Litchfield County,5,9,5,9005,Distribution of all-cause deaths (%),624,116,0.954,0,0,0,0,0.022,Micropolitan,Data based on counts less than 10 suppressed
07/15/2020,CT,Litchfield County,5,9,5,9005,Distribution of COVID-19 deaths (%),624,116,0.905,0,0,0,0,0,Micropolitan,Data based on counts less than 10 suppressed
07/15/2020,CT,Litchfield County,5,9,5,9005,Distribution of population (%),624,116,0.881,0.016,0.002,0.02,0.014,0.067,Micropolitan,0
07/15/2020,CT,Middlesex County,2,9,7,9007,Distribution of all-cause deaths (%),671,147,0.936,0.039,0,0,0,0,Large fringe metro,Data based on counts less than 10 suppressed
07/15/2020,CT,Middlesex County,2,9,7,9007,Distribution of COVID-19 deaths (%),671,147,0.898,0,0,0,0,0,Large fringe metro,Data based on counts less than 10 suppressed
07/15/2020,CT,Middlesex County,2,9,7,9007,Distribution of population (%),671,147,0.837,0.048,0.002,0.031,0.018,0.064,Large fringe metro,0
07/15/2020,CT,New Haven County,3,9,9,9009,Distribution of all-cause deaths (%),"3,873",946,0.796,0.12,0,0.01,0,0.072,Medium metro,Data based on counts less than 10 suppressed
07/15/2020,CT,New Haven County,3,9,9,9009,Distribution of COVID-19 deaths (%),"3,873",946,0.717,0.184,0,0,0,0.087,Medium metro,Data based on counts less than 10 suppressed
07/15/2020,CT,New Haven County,3,9,9,9009,Distribution of population (%),"3,873",946,0.623,0.128,0.002,0.042,0.018,0.186,Medium metro,0
07/15/2020,DC,District of Columbia,1,11,1,11001,Distribution of all-cause deaths (%),"3,336",594,0.206,0.711,0,0.023,0.004,0.055,Large central metro,Data based on counts less than 10 suppressed
07/15/2020,DC,District of Columbia,1,11,1,11001,Distribution of COVID-19 deaths (%),"3,336",594,0.116,0.727,0,0.019,0,0.133,Large central metro,Data based on counts less than 10 suppressed
07/15/2020,DC,District of Columbia,1,11,1,11001,Distribution of population (%),"3,336",594,0.371,0.449,0.002,0.043,0.023,0.113,Large central metro,0
07/15/2020,DE,New Castle County,2,10,3,10003,Distribution of all-cause deaths (%),"2,383",247,0.759,0.195,0,0.015,0,0.028,Large fringe metro,Data based on counts less than 10 suppressed
07/15/2020,DE,New Castle County,2,10,3,10003,Distribution of COVID-19 deaths (%),"2,383",247,0.757,0.211,0,0,0,0,Large fringe metro,Data based on counts less than 10 suppressed
07/15/2020,DE,New Castle County,2,10,3,10003,Distribution of population (%),"2,383",247,0.568,0.249,0.002,0.057,0.022,0.103,Large fringe metro,0
07/15/2020,DE,Sussex County,3,10,5,10005,Distribution of all-cause deaths (%),"1,250",169,0.853,0.112,0,0.008,0,0.021,Medium metro,Data based on counts less than 10 suppressed
07/15/2020,DE,Sussex County,3,10,5,10005,Distribution of COVID-19 deaths (%),"1,250",169,0.698,0.207,0,0,0,0.077,Medium metro,Data based on counts less than 10 suppressed
07/15/2020,DE,Sussex County,3,10,5,10005,Distribution of population (%),"1,250",169,0.753,0.118,0.004,0.013,0.019,0.093,Medium metro,0
07/15/2020,FL,Broward County,2,12,11,12011,Distribution of all-cause deaths (%),"7,352",398,0.581,0.228,0,0.021,0.007,0.162,Large fringe metro,Data based on counts less than 10 suppressed
07/15/2020,FL,Broward County,2,12,11,12011,Distribution of COVID-19 deaths (%),"7,352",398,0.432,0.377,0,0.04,0,0.141,Large fringe metro,Data based on counts less than 10 suppressed
07/15/2020,FL,Broward County,2,12,11,12011,Distribution of population (%),"7,352",398,0.356,0.283,0.002,0.037,0.017,0.304,Large fringe metro,0
07/15/2020,FL,Hillsborough County,1,12,57,12057,Distribution of all-cause deaths (%),"5,624",121,0.655,0.148,0,0.015,0.006,0.174,Large central metro,Data based on counts less than 10 suppressed
07/15/2020,FL,Hillsborough County,1,12,57,12057,Distribution of COVID-19 deaths (%),"5,624",121,0.529,0.256,0,0,0,0.198,Large central metro,Data based on counts less than 10 suppressed
07/15/2020,FL,Hillsborough County,1,12,57,12057,Distribution of population (%),"5,624",121,0.482,0.159,0.002,0.043,0.021,0.292,Large central metro,0
07/15/2020,FL,Lee County,3,12,71,12071,Distribution of all-cause deaths (%),"3,672",149,0.851,0.052,0,0.008,0.003,0.085,Medium metro,Data based on counts less than 10 suppressed
07/15/2020,FL,Lee County,3,12,71,12071,Distribution of COVID-19 deaths (%),"3,672",149,0.765,0.107,0,0,0,0.121,Medium metro,Data based on counts less than 10 suppressed
07/15/2020,FL,Lee County,3,12,71,12071,Distribution of population (%),"3,672",149,0.668,0.081,0.002,0.017,0.013,0.219,Medium metro,0
07/15/2020,FL,Manatee County,3,12,81,12081,Distribution of all-cause deaths (%),"2,140",146,0.864,0.078,0,0,0,0.053,Medium metro,Data based on counts less than 10 suppressed
07/15/2020,FL,Manatee County,3,12,81,12081,Distribution of COVID-19 deaths (%),"2,140",146,0.726,0.199,0,0,0,0.068,Medium metro,Data based on counts less than 10 suppressed
07/15/2020,FL,Manatee County,3,12,81,12081,Distribution of population (%),"2,140",146,0.709,0.084,0.002,0.022,0.015,0.167,Medium metro,0
07/15/2020,FL,Miami-Dade County,1,12,86,12086,Distribution of all-cause deaths (%),"10,391",854,0.187,0.181,0,0.01,0.003,0.618,Large central metro,Data based on counts less than 10 suppressed
07/15/2020,FL,Miami-Dade County,1,12,86,12086,Distribution of COVID-19 deaths (%),"10,391",854,0.141,0.226,0,0.016,0,0.611,Large central metro,Data based on counts less than 10 suppressed
07/15/2020,FL,Miami-Dade County,1,12,86,12086,Distribution of population (%),"10,391",854,0.13,0.156,0.001,0.015,0.007,0.691,Large central metro,0
07/15/2020,FL,Palm Beach County,2,12,99,12099,Distribution of all-cause deaths (%),"7,770",465,0.769,0.12,0,0.008,0.003,0.099,Large fringe metro,Data based on counts less than 10 suppressed
07/15/2020,FL,Palm Beach County,2,12,99,12099,Distribution of COVID-19 deaths (%),"7,770",465,0.622,0.209,0,0,0,0.166,Large fringe metro,Data based on counts less than 10 suppressed
07/15/2020,FL,Palm Beach County,2,12,99,12099,Distribution of population (%),"7,770",465,0.541,0.186,0.002,0.028,0.014,0.229,Large fringe metro,0
07/15/2020,FL,Pinellas County,1,12,103,12103,Distribution of all-cause deaths (%),"5,849",140,0.87,0.073,0,0.012,0.003,0.041,Large central metro,Data based on counts less than 10 suppressed
07/15/2020,FL,Pinellas County,1,12,103,12103,Distribution of COVID-19 deaths (%),"5,849",140,0.814,0.1,0,0,0,0,Large central metro,Data based on counts less than 10 suppressed
07/15/2020,FL,Pinellas County,1,12,103,12103,Distribution of population (%),"5,849",140,0.738,0.105,0.002,0.035,0.02,0.1,Large central metro,0
07/15/2020,FL,Polk County,3,12,105,12105,Distribution of all-cause deaths (%),"3,332",107,0.782,0.116,0,0.007,0.003,0.089,Medium metro,Data based on counts less than 10 suppressed
07/15/2020,FL,Polk County,3,12,105,12105,Distribution of COVID-19 deaths (%),"3,332",107,0.673,0.178,0,0,0,0.131,Medium metro,Data based on counts less than 10 suppressed
07/15/2020,FL,Polk County,3,12,105,12105,Distribution of population (%),"3,332",107,0.579,0.146,0.003,0.019,0.017,0.236,Medium metro,0
07/15/2020,GA,Cobb County,2,13,67,13067,Distribution of all-cause deaths (%),"2,449",211,0.744,0.206,0,0.013,0,0.033,Large fringe metro,Data based on counts less than 10 suppressed
07/15/2020,GA,Cobb County,2,13,67,13067,Distribution of COVID-19 deaths (%),"2,449",211,0.564,0.351,0,0,0,0.076,Large fringe metro,Data based on counts less than 10 suppressed
07/15/2020,GA,Cobb County,2,13,67,13067,Distribution of population (%),"2,449",211,0.515,0.275,0.002,0.055,0.022,0.132,Large fringe metro,0
07/15/2020,GA,DeKalb County,2,13,89,13089,Distribution of all-cause deaths (%),"2,164",131,0.419,0.517,0,0.03,0,0.03,Large fringe metro,Data based on counts less than 10 suppressed
07/15/2020,GA,DeKalb County,2,13,89,13089,Distribution of COVID-19 deaths (%),"2,164",131,0.351,0.534,0,0,0,0,Large fringe metro,Data based on counts less than 10 suppressed
07/15/2020,GA,DeKalb County,2,13,89,13089,Distribution of population (%),"2,164",131,0.292,0.537,0.002,0.065,0.019,0.086,Large fringe metro,0
07/15/2020,GA,Dougherty County,4,13,95,13095,Distribution of all-cause deaths (%),699,144,0.423,0.569,0,0,0,0,Small metro,Data based on counts less than 10 suppressed
07/15/2020,GA,Dougherty County,4,13,95,13095,Distribution of COVID-19 deaths (%),699,144,0.236,0.764,0,0,0,0,Small metro,Data based on counts less than 10 suppressed
07/15/2020,GA,Dougherty County,4,13,95,13095,Distribution of population (%),699,144,0.244,0.703,0.002,0.01,0.012,0.029,Small metro,0
07/15/2020,GA,Fulton County,1,13,121,13121,Distribution of all-cause deaths (%),"3,887",289,0.44,0.505,0,0.019,0,0.034,Large central metro,Data based on counts less than 10 suppressed
07/15/2020,GA,Fulton County,1,13,121,13121,Distribution of COVID-19 deaths (%),"3,887",289,0.249,0.675,0,0,0,0.055,Large central metro,Data based on counts less than 10 suppressed
07/15/2020,GA,Fulton County,1,13,121,13121,Distribution of population (%),"3,887",289,0.397,0.436,0.001,0.074,0.019,0.073,Large central metro,0
07/15/2020,GA,Gwinnett County,2,13,135,13135,Distribution of all-cause deaths (%),"1,849",127,0.625,0.205,0,0.096,0,0.071,Large fringe metro,Data based on counts less than 10 suppressed
07/15/2020,GA,Gwinnett County,2,13,135,13135,Distribution of COVID-19 deaths (%),"1,849",127,0.504,0.213,0,0.102,0,0.173,Large fringe metro,Data based on counts less than 10 suppressed
07/15/2020,GA,Gwinnett County,2,13,135,13135,Distribution of population (%),"1,849",127,0.363,0.276,0.002,0.122,0.023,0.215,Large fringe metro,0
07/15/2020,IA,Polk County,3,19,153,19153,Distribution of all-cause deaths (%),"2,281",205,0.902,0.049,0,0.019,0,0.024,Medium metro,Data based on counts less than 10 suppressed
07/15/2020,IA,Polk County,3,19,153,19153,Distribution of COVID-19 deaths (%),"2,281",205,0.8,0.073,0,0,0,0.073,Medium metro,Data based on counts less than 10 suppressed
07/15/2020,IA,Polk County,3,19,153,19153,Distribution of population (%),"2,281",205,0.772,0.069,0.002,0.05,0.022,0.085,Medium metro,0
07/15/2020,IL,Cook County,1,17,31,17031,Distribution of all-cause deaths (%),"24,079","4,352",0.488,0.327,0.001,0.043,0.009,0.132,Large central metro,0
07/15/2020,IL,Cook County,1,17,31,17031,Distribution of COVID-19 deaths (%),"24,079","4,352",0.338,0.332,0,0.059,0.009,0.259,Large central metro,Data based on counts less than 10 suppressed
07/15/2020,IL,Cook County,1,17,31,17031,Distribution of population (%),"24,079","4,352",0.421,0.23,0.001,0.077,0.015,0.255,Large central metro,0
07/15/2020,IL,DuPage County,2,17,43,17043,Distribution of all-cause deaths (%),"3,697",443,0.814,0.069,0,0.053,0.003,0.06,Large fringe metro,Data based on counts less than 10 suppressed
07/15/2020,IL,DuPage County,2,17,43,17043,Distribution of COVID-19 deaths (%),"3,697",443,0.725,0.097,0,0.061,0,0.111,Large fringe metro,Data based on counts less than 10 suppressed
07/15/2020,IL,DuPage County,2,17,43,17043,Distribution of population (%),"3,697",443,0.663,0.049,0.001,0.125,0.017,0.145,Large fringe metro,0
07/15/2020,IL,Kane County,2,17,89,17089,Distribution of all-cause deaths (%),"1,795",235,0.77,0.067,0,0.024,0.007,0.133,Large fringe metro,Data based on counts less than 10 suppressed
07/15/2020,IL,Kane County,2,17,89,17089,Distribution of COVID-19 deaths (%),"1,795",235,0.579,0.06,0,0.043,0,0.315,Large fringe metro,Data based on counts less than 10 suppressed
07/15/2020,IL,Kane County,2,17,89,17089,Distribution of population (%),"1,795",235,0.568,0.053,0.001,0.042,0.014,0.322,Large fringe metro,0
07/15/2020,IL,Lake County,2,17,97,17097,Distribution of all-cause deaths (%),"2,859",330,0.796,0.08,0,0.033,0.004,0.086,Large fringe metro,Data based on counts less than 10 suppressed
07/15/2020,IL,Lake County,2,17,97,17097,Distribution of COVID-19 deaths (%),"2,859",330,0.627,0.112,0,0.033,0,0.224,Large fringe metro,Data based on counts less than 10 suppressed
07/15/2020,IL,Lake County,2,17,97,17097,Distribution of population (%),"2,859",330,0.61,0.068,0.001,0.081,0.017,0.222,Large fringe metro,0
07/15/2020,IL,St. Clair County,2,17,163,17163,Distribution of all-cause deaths (%),"1,281",112,0.707,0.28,0,0,0,0,Large fringe metro,Data based on counts less than 10 suppressed
07/15/2020,IL,St. Clair County,2,17,163,17163,Distribution of COVID-19 deaths (%),"1,281",112,0.661,0.321,0,0,0,0,Large fringe metro,Data based on counts less than 10 suppressed
07/15/2020,IL,St. Clair County,2,17,163,17163,Distribution of population (%),"1,281",112,0.615,0.303,0.003,0.015,0.023,0.042,Large fringe metro,0
07/15/2020,IL,Will County,2,17,197,17197,Distribution of all-cause deaths (%),"2,350",263,0.791,0.12,0,0.024,0.004,0.061,Large fringe metro,Data based on counts less than 10 suppressed
07/15/2020,IL,Will County,2,17,197,17197,Distribution of COVID-19 deaths (%),"2,350",263,0.555,0.255,0,0.042,0,0.148,Large fringe metro,Data based on counts less than 10 suppressed
07/15/2020,IL,Will County,2,17,197,17197,Distribution of population (%),"2,350",263,0.63,0.116,0.001,0.058,0.016,0.178,Large fringe metro,0
07/15/2020,IL,Winnebago County,3,17,201,17201,Distribution of all-cause deaths (%),"1,623",115,0.831,0.116,0,0.009,0,0.039,Medium metro,Data based on counts less than 10 suppressed
07/15/2020,IL,Winnebago County,3,17,201,17201,Distribution of COVID-19 deaths (%),"1,623",115,0.678,0.217,0,0,0,0,Medium metro,Data based on counts less than 10 suppressed
07/15/2020,IL,Winnebago County,3,17,201,17201,Distribution of population (%),"1,623",115,0.685,0.13,0.002,0.028,0.024,0.131,Medium metro,0
07/15/2020,IN,Allen County,3,18,3,18003,Distribution of all-cause deaths (%),"2,042",140,0.869,0.092,0,0.013,0,0.024,Medium metro,Data based on counts less than 10 suppressed
07/15/2020,IN,Allen County,3,18,3,18003,Distribution of COVID-19 deaths (%),"2,042",140,0.786,0.114,0,0,0,0,Medium metro,Data based on counts less than 10 suppressed
07/15/2020,IN,Allen County,3,18,3,18003,Distribution of population (%),"2,042",140,0.735,0.116,0.003,0.043,0.028,0.076,Medium metro,0
07/15/2020,IN,Hendricks County,2,18,63,18063,Distribution of all-cause deaths (%),759,122,0.914,0.066,0,0,0,0,Large fringe metro,Data based on counts less than 10 suppressed
07/15/2020,IN,Hendricks County,2,18,63,18063,Distribution of COVID-19 deaths (%),759,122,0.852,0.131,0,0,0,0,Large fringe metro,Data based on counts less than 10 suppressed
07/15/2020,IN,Hendricks County,2,18,63,18063,Distribution of population (%),759,122,0.838,0.072,0.002,0.029,0.019,0.04,Large fringe metro,0
07/15/2020,IN,Lake County,2,18,89,18089,Distribution of all-cause deaths (%),"2,994",324,0.63,0.279,0,0.007,0,0.082,Large fringe metro,Data based on counts less than 10 suppressed
07/15/2020,IN,Lake County,2,18,89,18089,Distribution of COVID-19 deaths (%),"2,994",324,0.485,0.42,0,0,0,0.093,Large fringe metro,Data based on counts less than 10 suppressed
07/15/2020,IN,Lake County,2,18,89,18089,Distribution of population (%),"2,994",324,0.54,0.234,0.002,0.016,0.015,0.194,Large fringe metro,0
07/15/2020,IN,Marion County,1,18,97,18097,Distribution of all-cause deaths (%),"5,210",797,0.726,0.235,0,0.009,0.004,0.025,Large central metro,Data based on counts less than 10 suppressed
07/15/2020,IN,Marion County,1,18,97,18097,Distribution of COVID-19 deaths (%),"5,210",797,0.593,0.341,0,0.013,0,0.049,Large central metro,Data based on counts less than 10 suppressed
07/15/2020,IN,Marion County,1,18,97,18097,Distribution of population (%),"5,210",797,0.548,0.282,0.002,0.036,0.026,0.106,Large central metro,0
07/15/2020,KY,Jefferson County,1,21,111,21111,Distribution of all-cause deaths (%),"4,494",246,0.805,0.173,0,0.011,0,0.009,Large central metro,Data based on counts less than 10 suppressed
07/15/2020,KY,Jefferson County,1,21,111,21111,Distribution of COVID-19 deaths (%),"4,494",246,0.675,0.252,0,0,0,0,Large central metro,Data based on counts less than 10 suppressed
07/15/2020,KY,Jefferson County,1,21,111,21111,Distribution of population (%),"4,494",246,0.67,0.218,0.001,0.03,0.024,0.057,Large central metro,0
07/15/2020,LA,Caddo Parish,3,22,17,22017,Distribution of all-cause deaths (%),"1,729",264,0.543,0.447,0,0,0,0,Medium metro,Data based on counts less than 10 suppressed
07/15/2020,LA,Caddo Parish,3,22,17,22017,Distribution of COVID-19 deaths (%),"1,729",264,0.322,0.678,0,0,0,0,Medium metro,Data based on counts less than 10 suppressed
07/15/2020,LA,Caddo Parish,3,22,17,22017,Distribution of population (%),"1,729",264,0.446,0.494,0.004,0.012,0.015,0.029,Medium metro,0
07/15/2020,LA,East Baton Rouge Parish,3,22,33,22033,Distribution of all-cause deaths (%),"2,767",468,0.532,0.44,0,0.009,0,0.017,Medium metro,Data based on counts less than 10 suppressed
07/15/2020,LA,East Baton Rouge Parish,3,22,33,22033,Distribution of COVID-19 deaths (%),"2,767",468,0.382,0.588,0,0,0,0,Medium metro,Data based on counts less than 10 suppressed
07/15/2020,LA,East Baton Rouge Parish,3,22,33,22033,Distribution of population (%),"2,767",468,0.444,0.465,0.002,0.033,0.013,0.042,Medium metro,0
07/15/2020,LA,Jefferson Parish,2,22,51,22051,Distribution of all-cause deaths (%),"2,851",660,0.585,0.335,0,0.017,0,0.06,Large fringe metro,Data based on counts less than 10 suppressed
07/15/2020,LA,Jefferson Parish,2,22,51,22051,Distribution of COVID-19 deaths (%),"2,851",660,0.371,0.548,0,0,0,0.067,Large fringe metro,Data based on counts less than 10 suppressed
07/15/2020,LA,Jefferson Parish,2,22,51,22051,Distribution of population (%),"2,851",660,0.523,0.268,0.004,0.041,0.014,0.149,Large fringe metro,0
07/15/2020,LA,Orleans Parish,1,22,71,22071,Distribution of all-cause deaths (%),"2,041",362,0.364,0.59,0,0.014,0,0.03,Large central metro,Data based on counts less than 10 suppressed
07/15/2020,LA,Orleans Parish,1,22,71,22071,Distribution of COVID-19 deaths (%),"2,041",362,0.227,0.743,0,0,0,0.028,Large central metro,Data based on counts less than 10 suppressed
07/15/2020,LA,Orleans Parish,1,22,71,22071,Distribution of population (%),"2,041",362,0.308,0.591,0.002,0.029,0.014,0.056,Large central metro,0
07/15/2020,LA,St. Tammany Parish,2,22,103,22103,Distribution of all-cause deaths (%),"1,302",177,0.829,0.136,0,0,0,0.026,Large fringe metro,Data based on counts less than 10 suppressed
07/15/2020,LA,St. Tammany Parish,2,22,103,22103,Distribution of COVID-19 deaths (%),"1,302",177,0.667,0.294,0,0,0,0,Large fringe metro,Data based on counts less than 10 suppressed
07/15/2020,LA,St. Tammany Parish,2,22,103,22103,Distribution of population (%),"1,302",177,0.784,0.123,0.005,0.014,0.018,0.057,Large fringe metro,0
07/15/2020,MA,Barnstable County,4,25,1,25001,Distribution of all-cause deaths (%),"1,352",125,0.956,0.02,0,0,0.014,0,Small metro,Data based on counts less than 10 suppressed
07/15/2020,MA,Barnstable County,4,25,1,25001,Distribution of COVID-19 deaths (%),"1,352",125,0.96,0,0,0,0,0,Small metro,Data based on counts less than 10 suppressed
07/15/2020,MA,Barnstable County,4,25,1,25001,Distribution of population (%),"1,352",125,0.898,0.031,0.006,0.015,0.018,0.032,Small metro,0
07/15/2020,MA,Bristol County,2,25,5,25005,Distribution of all-cause deaths (%),"2,758",518,0.901,0.028,0,0.006,0.04,0.024,Large fringe metro,Data based on counts less than 10 suppressed
07/15/2020,MA,Bristol County,2,25,5,25005,Distribution of COVID-19 deaths (%),"2,758",518,0.876,0.042,0,0,0.039,0.029,Large fringe metro,Data based on counts less than 10 suppressed
07/15/2020,MA,Bristol County,2,25,5,25005,Distribution of population (%),"2,758",518,0.824,0.046,0.002,0.024,0.019,0.084,Large fringe metro,0
07/15/2020,MA,Essex County,2,25,9,25009,Distribution of all-cause deaths (%),"4,090",958,0.892,0.018,0,0.013,0.004,0.072,Large fringe metro,Data based on counts less than 10 suppressed
07/15/2020,MA,Essex County,2,25,9,25009,Distribution of COVID-19 deaths (%),"4,090",958,0.847,0.027,0,0.01,0,0.112,Large fringe metro,Data based on counts less than 10 suppressed
07/15/2020,MA,Essex County,2,25,9,25009,Distribution of population (%),"4,090",958,0.695,0.034,0.001,0.037,0.014,0.219,Large fringe metro,0
07/15/2020,MA,Hampden County,3,25,13,25013,Distribution of all-cause deaths (%),"2,987",618,0.795,0.072,0,0.011,0.008,0.114,Medium metro,Data based on counts less than 10 suppressed
07/15/2020,MA,Hampden County,3,25,13,25013,Distribution of COVID-19 deaths (%),"2,987",618,0.791,0.087,0,0,0,0.104,Medium metro,Data based on counts less than 10 suppressed
07/15/2020,MA,Hampden County,3,25,13,25013,Distribution of population (%),"2,987",618,0.617,0.077,0.001,0.026,0.017,0.261,Medium metro,0
07/15/2020,MA,Middlesex County,2,25,17,25017,Distribution of all-cause deaths (%),"6,660","1,770",0.884,0.042,0,0.039,0.007,0.027,Large fringe metro,Data based on counts less than 10 suppressed
07/15/2020,MA,Middlesex County,2,25,17,25017,Distribution of COVID-19 deaths (%),"6,660","1,770",0.864,0.053,0,0.038,0.007,0.038,Large fringe metro,Data based on counts less than 10 suppressed
07/15/2020,MA,Middlesex County,2,25,17,25017,Distribution of population (%),"6,660","1,770",0.716,0.052,0.001,0.127,0.021,0.083,Large fringe metro,0
07/15/2020,MA,Norfolk County,2,25,21,25021,Distribution of all-cause deaths (%),"3,216",719,0.874,0.059,0,0.042,0.005,0.02,Large fringe metro,Data based on counts less than 10 suppressed
07/15/2020,MA,Norfolk County,2,25,21,25021,Distribution of COVID-19 deaths (%),"3,216",719,0.825,0.079,0,0.063,0,0.028,Large fringe metro,Data based on counts less than 10 suppressed
07/15/2020,MA,Norfolk County,2,25,21,25021,Distribution of population (%),"3,216",719,0.744,0.071,0.001,0.117,0.018,0.048,Large fringe metro,0
07/15/2020,MA,Plymouth County,2,25,23,25023,Distribution of all-cause deaths (%),"2,594",577,0.883,0.092,0,0.004,0.006,0.015,Large fringe metro,Data based on counts less than 10 suppressed
07/15/2020,MA,Plymouth County,2,25,23,25023,Distribution of COVID-19 deaths (%),"2,594",577,0.816,0.151,0,0,0,0.023,Large fringe metro,Data based on counts less than 10 suppressed
07/15/2020,MA,Plymouth County,2,25,23,25023,Distribution of population (%),"2,594",577,0.817,0.106,0.002,0.015,0.019,0.041,Large fringe metro,0
07/15/2020,MA,Suffolk County,1,25,25,25025,Distribution of all-cause deaths (%),"4,598","1,209",0.651,0.186,0,0.055,0.01,0.098,Large central metro,Data based on counts less than 10 suppressed
07/15/2020,MA,Suffolk County,1,25,25,25025,Distribution of COVID-19 deaths (%),"4,598","1,209",0.561,0.231,0,0.059,0.012,0.137,Large central metro,Data based on counts less than 10 suppressed
07/15/2020,MA,Suffolk County,1,25,25,25025,Distribution of population (%),"4,598","1,209",0.449,0.203,0.002,0.091,0.021,0.234,Large central metro,0
07/15/2020,MA,Worcester County,3,25,27,25027,Distribution of all-cause deaths (%),"4,242",916,0.871,0.027,0,0.014,0.038,0.049,Medium metro,Data based on counts less than 10 suppressed
07/15/2020,MA,Worcester County,3,25,27,25027,Distribution of COVID-19 deaths (%),"4,242",916,0.874,0.028,0,0.019,0.021,0.057,Medium metro,Data based on counts less than 10 suppressed
07/15/2020,MA,Worcester County,3,25,27,25027,Distribution of population (%),"4,242",916,0.761,0.047,0.002,0.053,0.018,0.119,Medium metro,0
07/15/2020,MD,Anne Arundel County,2,24,3,24003,Distribution of all-cause deaths (%),"2,292",261,0.767,0.192,0,0.015,0,0.022,Large fringe metro,Data based on counts less than 10 suppressed
07/15/2020,MD,Anne Arundel County,2,24,3,24003,Distribution of COVID-19 deaths (%),"2,292",261,0.609,0.314,0,0,0,0.05,Large fringe metro,Data based on counts less than 10 suppressed
07/15/2020,MD,Anne Arundel County,2,24,3,24003,Distribution of population (%),"2,292",261,0.675,0.171,0.003,0.041,0.029,0.081,Large fringe metro,0
07/15/2020,MD,Baltimore County,2,24,5,24005,Distribution of all-cause deaths (%),"4,306",484,0.688,0.281,0,0.013,0.003,0.013,Large fringe metro,Data based on counts less than 10 suppressed
07/15/2020,MD,Baltimore County,2,24,5,24005,Distribution of COVID-19 deaths (%),"4,306",484,0.452,0.477,0,0.027,0,0.039,Large fringe metro,Data based on counts less than 10 suppressed
07/15/2020,MD,Baltimore County,2,24,5,24005,Distribution of population (%),"4,306",484,0.566,0.29,0.003,0.063,0.023,0.057,Large fringe metro,0
07/15/2020,MD,Carroll County,2,24,13,24013,Distribution of all-cause deaths (%),870,133,0.937,0.041,0,0,0,0.013,Large fringe metro,Data based on counts less than 10 suppressed
07/15/2020,MD,Carroll County,2,24,13,24013,Distribution of COVID-19 deaths (%),870,133,0.88,0.098,0,0,0,0,Large fringe metro,Data based on counts less than 10 suppressed
07/15/2020,MD,Carroll County,2,24,13,24013,Distribution of population (%),870,133,0.887,0.036,0.002,0.02,0.018,0.037,Large fringe metro,0
07/15/2020,MD,Frederick County,2,24,21,24021,Distribution of all-cause deaths (%),"1,017",119,0.854,0.086,0,0.023,0,0.035,Large fringe metro,Data based on counts less than 10 suppressed
07/15/2020,MD,Frederick County,2,24,21,24021,Distribution of COVID-19 deaths (%),"1,017",119,0.773,0.168,0,0,0,0,Large fringe metro,Data based on counts less than 10 suppressed
07/15/2020,MD,Frederick County,2,24,21,24021,Distribution of population (%),"1,017",119,0.727,0.096,0.002,0.047,0.027,0.102,Large fringe metro,0
07/15/2020,MD,Montgomery County,2,24,31,24031,Distribution of all-cause deaths (%),"4,162",957,0.56,0.243,0,0.088,0.004,0.105,Large fringe metro,Data based on counts less than 10 suppressed
07/15/2020,MD,Montgomery County,2,24,31,24031,Distribution of COVID-19 deaths (%),"4,162",957,0.419,0.287,0,0.087,0,0.197,Large fringe metro,Data based on counts less than 10 suppressed
07/15/2020,MD,Montgomery County,2,24,31,24031,Distribution of population (%),"4,162",957,0.434,0.185,0.002,0.153,0.028,0.199,Large fringe metro,0
07/15/2020,MD,Prince George's County,2,24,33,24033,Distribution of all-cause deaths (%),"2,971",478,0.209,0.698,0,0.026,0,0.063,Large fringe metro,Data based on counts less than 10 suppressed
07/15/2020,MD,Prince George's County,2,24,33,24033,Distribution of COVID-19 deaths (%),"2,971",478,0.128,0.701,0,0,0,0.153,Large fringe metro,Data based on counts less than 10 suppressed
07/15/2020,MD,Prince George's County,2,24,33,24033,Distribution of population (%),"2,971",478,0.125,0.619,0.002,0.043,0.02,0.191,Large fringe metro,0
07/15/2020,MD,Baltimore city,1,24,510,24510,Distribution of all-cause deaths (%),"4,306",477,0.366,0.583,0,0.017,0.004,0.028,Large central metro,Data based on counts less than 10 suppressed
07/15/2020,MD,Baltimore city,1,24,510,24510,Distribution of COVID-19 deaths (%),"4,306",477,0.237,0.631,0,0.034,0,0.096,Large central metro,Data based on counts less than 10 suppressed
07/15/2020,MD,Baltimore city,1,24,510,24510,Distribution of population (%),"4,306",477,0.278,0.619,0.003,0.027,0.019,0.055,Large central metro,0
07/15/2020,MI,Genesee County,3,26,49,26049,Distribution of all-cause deaths (%),"2,429",255,0.748,0.223,0,0,0.005,0.019,Medium metro,Data based on counts less than 10 suppressed
07/15/2020,MI,Genesee County,3,26,49,26049,Distribution of COVID-19 deaths (%),"2,429",255,0.533,0.424,0,0,0,0,Medium metro,Data based on counts less than 10 suppressed
07/15/2020,MI,Genesee County,3,26,49,26049,Distribution of population (%),"2,429",255,0.725,0.2,0.005,0.01,0.025,0.035,Medium metro,0
07/15/2020,MI,Kent County,1,26,81,26081,Distribution of all-cause deaths (%),"2,767",132,0.839,0.1,0.004,0.009,0.009,0.039,Large central metro,0
07/15/2020,MI,Kent County,1,26,81,26081,Distribution of COVID-19 deaths (%),"2,767",132,0.644,0.189,0,0,0,0.144,Large central metro,Data based on counts less than 10 suppressed
07/15/2020,MI,Kent County,1,26,81,26081,Distribution of population (%),"2,767",132,0.735,0.097,0.003,0.033,0.025,0.107,Large central metro,0
07/15/2020,MI,Macomb County,2,26,99,26099,Distribution of all-cause deaths (%),"4,300",649,0.852,0.116,0,0.012,0.009,0.009,Large fringe metro,Data based on counts less than 10 suppressed
07/15/2020,MI,Macomb County,2,26,99,26099,Distribution of COVID-19 deaths (%),"4,300",649,0.689,0.259,0,0.022,0.018,0,Large fringe metro,Data based on counts less than 10 suppressed
07/15/2020,MI,Macomb County,2,26,99,26099,Distribution of population (%),"4,300",649,0.786,0.121,0.003,0.041,0.023,0.027,Large fringe metro,0
07/15/2020,MI,Oakland County,2,26,125,26125,Distribution of all-cause deaths (%),"6,995","1,246",0.741,0.221,0,0.018,0.006,0.014,Large fringe metro,Data based on counts less than 10 suppressed
07/15/2020,MI,Oakland County,2,26,125,26125,Distribution of COVID-19 deaths (%),"6,995","1,246",0.571,0.388,0,0.018,0.01,0.012,Large fringe metro,Data based on counts less than 10 suppressed
07/15/2020,MI,Oakland County,2,26,125,26125,Distribution of population (%),"6,995","1,246",0.717,0.138,0.002,0.08,0.021,0.042,Large fringe metro,0
07/15/2020,MI,Saginaw County,4,26,145,26145,Distribution of all-cause deaths (%),"1,301",140,0.802,0.154,0,0,0,0.035,Small metro,Data based on counts less than 10 suppressed
07/15/2020,MI,Saginaw County,4,26,145,26145,Distribution of COVID-19 deaths (%),"1,301",140,0.764,0.15,0,0,0,0.079,Small metro,Data based on counts less than 10 suppressed
07/15/2020,MI,Saginaw County,4,26,145,26145,Distribution of population (%),"1,301",140,0.692,0.185,0.003,0.014,0.02,0.085,Small metro,0
07/15/2020,MI,Washtenaw County,3,26,161,26161,Distribution of all-cause deaths (%),"1,907",241,0.799,0.155,0,0.019,0.008,0.016,Medium metro,Data based on counts less than 10 suppressed
07/15/2020,MI,Washtenaw County,3,26,161,26161,Distribution of COVID-19 deaths (%),"1,907",241,0.598,0.365,0,0,0,0,Medium metro,Data based on counts less than 10 suppressed
07/15/2020,MI,Washtenaw County,3,26,161,26161,Distribution of population (%),"1,907",241,0.7,0.12,0.003,0.096,0.032,0.048,Medium metro,0
07/15/2020,MI,Wayne County,1,26,163,26163,Distribution of all-cause deaths (%),"10,695","2,153",0.508,0.443,0.002,0.008,0.016,0.023,Large central metro,0
07/15/2020,MI,Wayne County,1,26,163,26163,Distribution of COVID-19 deaths (%),"10,695","2,153",0.34,0.603,0,0.007,0.025,0.023,Large central metro,Data based on counts less than 10 suppressed
07/15/2020,MI,Wayne County,1,26,163,26163,Distribution of population (%),"10,695","2,153",0.495,0.383,0.003,0.035,0.023,0.061,Large central metro,0
07/15/2020,MN,Anoka County,2,27,3,27003,Distribution of all-cause deaths (%),"1,014",114,0.932,0.027,0.011,0.022,0,0,Large fringe metro,Data based on counts less than 10 suppressed
07/15/2020,MN,Anoka County,2,27,3,27003,Distribution of COVID-19 deaths (%),"1,014",114,0.895,0,0,0,0,0,Large fringe metro,Data based on counts less than 10 suppressed
07/15/2020,MN,Anoka County,2,27,3,27003,Distribution of population (%),"1,014",114,0.806,0.067,0.006,0.047,0.026,0.047,Large fringe metro,0
07/15/2020,MN,Hennepin County,1,27,53,27053,Distribution of all-cause deaths (%),"5,324",730,0.845,0.089,0.016,0.026,0.008,0.016,Large central metro,0
07/15/2020,MN,Hennepin County,1,27,53,27053,Distribution of COVID-19 deaths (%),"5,324",730,0.811,0.105,0.019,0.026,0,0.033,Large central metro,Data based on counts less than 10 suppressed
07/15/2020,MN,Hennepin County,1,27,53,27053,Distribution of population (%),"5,324",730,0.686,0.133,0.007,0.075,0.029,0.07,Large central metro,0
07/15/2020,MN,Ramsey County,1,27,123,27123,Distribution of all-cause deaths (%),"2,524",279,0.818,0.073,0.011,0.06,0.008,0.03,Large central metro,0
07/15/2020,MN,Ramsey County,1,27,123,27123,Distribution of COVID-19 deaths (%),"2,524",279,0.742,0.09,0,0.086,0,0.072,Large central metro,Data based on counts less than 10 suppressed
07/15/2020,MN,Ramsey County,1,27,123,27123,Distribution of population (%),"2,524",279,0.614,0.121,0.006,0.152,0.032,0.076,Large central metro,0
07/15/2020,MO,St. Louis County,2,29,189,29189,Distribution of all-cause deaths (%),"5,893",539,0.755,0.224,0,0.011,0.003,0.007,Large fringe metro,Data based on counts less than 10 suppressed
07/15/2020,MO,St. Louis County,2,29,189,29189,Distribution of COVID-19 deaths (%),"5,893",539,0.605,0.373,0,0,0,0,Large fringe metro,Data based on counts less than 10 suppressed
07/15/2020,MO,St. Louis County,2,29,189,29189,Distribution of population (%),"5,893",539,0.656,0.247,0.002,0.045,0.021,0.03,Large fringe metro,0
07/15/2020,MO,St. Louis city,1,29,510,29510,Distribution of all-cause deaths (%),"2,064",145,0.509,0.459,0,0.008,0.007,0.016,Large central metro,Data based on counts less than 10 suppressed
07/15/2020,MO,St. Louis city,1,29,510,29510,Distribution of COVID-19 deaths (%),"2,064",145,0.29,0.662,0,0,0,0,Large central metro,Data based on counts less than 10 suppressed
07/15/2020,MO,St. Louis city,1,29,510,29510,Distribution of population (%),"2,064",145,0.443,0.456,0.002,0.034,0.024,0.041,Large central metro,0
07/15/2020,MS,Hinds County,3,28,49,28049,Distribution of all-cause deaths (%),"2,058",183,0.434,0.529,0.023,0,0,0.009,Medium metro,Data based on counts less than 10 suppressed
07/15/2020,MS,Hinds County,3,28,49,28049,Distribution of COVID-19 deaths (%),"2,058",183,0.202,0.568,0.197,0,0,0,Medium metro,Data based on counts less than 10 suppressed
07/15/2020,MS,Hinds County,3,28,49,28049,Distribution of population (%),"2,058",183,0.242,0.724,0.001,0.008,0.009,0.016,Medium metro,0
07/15/2020,MS,Lauderdale County,5,28,75,28075,Distribution of all-cause deaths (%),721,156,0.515,0.417,0.058,0,0,0,Micropolitan,Data based on counts less than 10 suppressed
07/15/2020,MS,Lauderdale County,5,28,75,28075,Distribution of COVID-19 deaths (%),721,156,0.25,0.564,0.173,0,0,0,Micropolitan,Data based on counts less than 10 suppressed
07/15/2020,MS,Lauderdale County,5,28,75,28075,Distribution of population (%),721,156,0.521,0.438,0.002,0.008,0.009,0.022,Micropolitan,0
07/15/2020,NE,Douglas County,3,31,55,31055,Distribution of all-cause deaths (%),"2,330",108,0.839,0.102,0.008,0.012,0.008,0.032,Medium metro,0
07/15/2020,NE,Douglas County,3,31,55,31055,Distribution of COVID-19 deaths (%),"2,330",108,0.602,0.12,0,0,0,0.241,Medium metro,Data based on counts less than 10 suppressed
07/15/2020,NE,Douglas County,3,31,55,31055,Distribution of population (%),"2,330",108,0.691,0.11,0.005,0.041,0.024,0.128,Medium metro,0
07/15/2020,NH,Hillsborough County,3,33,11,33011,Distribution of all-cause deaths (%),"1,850",255,0.956,0.013,0,0.009,0,0.018,Medium metro,Data based on counts less than 10 suppressed
07/15/2020,NH,Hillsborough County,3,33,11,33011,Distribution of COVID-19 deaths (%),"1,850",255,0.925,0,0,0,0,0,Medium metro,Data based on counts less than 10 suppressed
07/15/2020,NH,Hillsborough County,3,33,11,33011,Distribution of population (%),"1,850",255,0.841,0.025,0.002,0.044,0.018,0.07,Medium metro,0
07/15/2020,NJ,Atlantic County,3,34,1,34001,Distribution of all-cause deaths (%),"1,476",178,0.734,0.163,0,0.027,0,0.072,Medium metro,Data based on counts less than 10 suppressed
07/15/2020,NJ,Atlantic County,3,34,1,34001,Distribution of COVID-19 deaths (%),"1,476",178,0.674,0.169,0,0,0,0.118,Medium metro,Data based on counts less than 10 suppressed
07/15/2020,NJ,Atlantic County,3,34,1,34001,Distribution of population (%),"1,476",178,0.559,0.146,0.002,0.081,0.02,0.192,Medium metro,0
07/15/2020,NJ,Bergen County,2,34,3,34003,Distribution of all-cause deaths (%),"5,795","2,001",0.722,0.066,0,0.08,0.003,0.128,Large fringe metro,Data based on counts less than 10 suppressed
07/15/2020,NJ,Bergen County,2,34,3,34003,Distribution of COVID-19 deaths (%),"5,795","2,001",0.633,0.078,0,0.1,0,0.185,Large fringe metro,Data based on counts less than 10 suppressed
07/15/2020,NJ,Bergen County,2,34,3,34003,Distribution of population (%),"5,795","2,001",0.557,0.055,0.001,0.167,0.015,0.206,Large fringe metro,0
07/15/2020,NJ,Burlington County,2,34,5,34005,Distribution of all-cause deaths (%),"1,965",379,0.754,0.19,0,0.026,0,0.026,Large fringe metro,Data based on counts less than 10 suppressed
07/15/2020,NJ,Burlington County,2,34,5,34005,Distribution of COVID-19 deaths (%),"1,965",379,0.726,0.206,0,0,0,0.045,Large fringe metro,Data based on counts less than 10 suppressed
07/15/2020,NJ,Burlington County,2,34,5,34005,Distribution of population (%),"1,965",379,0.67,0.167,0.002,0.052,0.025,0.083,Large fringe metro,0
07/15/2020,NJ,Camden County,2,34,7,34007,Distribution of all-cause deaths (%),"3,216",498,0.708,0.19,0,0.022,0.004,0.075,Large fringe metro,Data based on counts less than 10 suppressed
07/15/2020,NJ,Camden County,2,34,7,34007,Distribution of COVID-19 deaths (%),"3,216",498,0.616,0.221,0,0.046,0,0.11,Large fringe metro,Data based on counts less than 10 suppressed
07/15/2020,NJ,Camden County,2,34,7,34007,Distribution of population (%),"3,216",498,0.563,0.186,0.002,0.059,0.018,0.172,Large fringe metro,0
07/15/2020,NJ,Cumberland County,4,34,11,34011,Distribution of all-cause deaths (%),810,104,0.658,0.158,0.016,0.014,0,0.151,Small metro,Data based on counts less than 10 suppressed
07/15/2020,NJ,Cumberland County,4,34,11,34011,Distribution of COVID-19 deaths (%),810,104,0.577,0.135,0,0,0,0.26,Small metro,Data based on counts less than 10 suppressed
07/15/2020,NJ,Cumberland County,4,34,11,34011,Distribution of population (%),810,104,0.459,0.186,0.007,0.013,0.021,0.314,Small metro,0
07/15/2020,NJ,Essex County,1,34,13,34013,Distribution of all-cause deaths (%),"5,364","1,934",0.361,0.444,0,0.035,0.002,0.157,Large central metro,Data based on counts less than 10 suppressed
07/15/2020,NJ,Essex County,1,34,13,34013,Distribution of COVID-19 deaths (%),"5,364","1,934",0.288,0.467,0,0.047,0,0.193,Large central metro,Data based on counts less than 10 suppressed
07/15/2020,NJ,Essex County,1,34,13,34013,Distribution of population (%),"5,364","1,934",0.305,0.386,0.002,0.056,0.015,0.235,Large central metro,0
07/15/2020,NJ,Gloucester County,2,34,15,34015,Distribution of all-cause deaths (%),"1,354",176,0.845,0.103,0,0.016,0,0.028,Large fringe metro,Data based on counts less than 10 suppressed
07/15/2020,NJ,Gloucester County,2,34,15,34015,Distribution of COVID-19 deaths (%),"1,354",176,0.75,0.176,0,0,0,0,Large fringe metro,Data based on counts less than 10 suppressed
07/15/2020,NJ,Gloucester County,2,34,15,34015,Distribution of population (%),"1,354",176,0.781,0.104,0.001,0.03,0.019,0.064,Large fringe metro,0
07/15/2020,NJ,Hudson County,1,34,17,34017,Distribution of all-cause deaths (%),"2,843","1,053",0.312,0.158,0,0.081,0.005,0.445,Large central metro,Data based on counts less than 10 suppressed
07/15/2020,NJ,Hudson County,1,34,17,34017,Distribution of COVID-19 deaths (%),"2,843","1,053",0.219,0.119,0,0.085,0,0.574,Large central metro,Data based on counts less than 10 suppressed
07/15/2020,NJ,Hudson County,1,34,17,34017,Distribution of population (%),"2,843","1,053",0.288,0.107,0.001,0.16,0.014,0.429,Large central metro,0
07/15/2020,NJ,Hunterdon County,2,34,19,34019,Distribution of all-cause deaths (%),500,116,0.926,0,0,0.028,0,0.028,Large fringe metro,Data based on counts less than 10 suppressed
07/15/2020,NJ,Hunterdon County,2,34,19,34019,Distribution of COVID-19 deaths (%),500,116,0.862,0,0,0.086,0,0,Large fringe metro,Data based on counts less than 10 suppressed
07/15/2020,NJ,Hunterdon County,2,34,19,34019,Distribution of population (%),500,116,0.851,0.025,0.001,0.041,0.014,0.068,Large fringe metro,0
07/15/2020,NJ,Mercer County,3,34,21,34021,Distribution of all-cause deaths (%),"1,790",488,0.638,0.241,0,0.037,0,0.082,Medium metro,Data based on counts less than 10 suppressed
07/15/2020,NJ,Mercer County,3,34,21,34021,Distribution of COVID-19 deaths (%),"1,790",488,0.529,0.295,0,0.043,0,0.131,Medium metro,Data based on counts less than 10 suppressed
07/15/2020,NJ,Mercer County,3,34,21,34021,Distribution of population (%),"1,790",488,0.488,0.196,0.002,0.115,0.019,0.181,Medium metro,0
07/15/2020,NJ,Middlesex County,2,34,23,34023,Distribution of all-cause deaths (%),"4,608","1,404",0.615,0.127,0,0.11,0.004,0.143,Large fringe metro,Data based on counts less than 10 suppressed
07/15/2020,NJ,Middlesex County,2,34,23,34023,Distribution of COVID-19 deaths (%),"4,608","1,404",0.485,0.141,0,0.132,0.007,0.235,Large fringe metro,Data based on counts less than 10 suppressed
07/15/2020,NJ,Middlesex County,2,34,23,34023,Distribution of population (%),"4,608","1,404",0.423,0.097,0.002,0.248,0.015,0.216,Large fringe metro,0
07/15/2020,NJ,Monmouth County,2,34,25,34025,Distribution of all-cause deaths (%),"3,724",807,0.831,0.081,0,0.031,0.003,0.053,Large fringe metro,Data based on counts less than 10 suppressed
07/15/2020,NJ,Monmouth County,2,34,25,34025,Distribution of COVID-19 deaths (%),"3,724",807,0.783,0.083,0,0.045,0,0.079,Large fringe metro,Data based on counts less than 10 suppressed
07/15/2020,NJ,Monmouth County,2,34,25,34025,Distribution of population (%),"3,724",807,0.75,0.068,0.001,0.056,0.015,0.111,Large fringe metro,0
07/15/2020,NJ,Morris County,2,34,27,34027,Distribution of all-cause deaths (%),"3,301",956,0.836,0.053,0,0.035,0,0.072,Large fringe metro,Data based on counts less than 10 suppressed
07/15/2020,NJ,Morris County,2,34,27,34027,Distribution of COVID-19 deaths (%),"3,301",956,0.747,0.071,0,0.048,0,0.13,Large fringe metro,Data based on counts less than 10 suppressed
07/15/2020,NJ,Morris County,2,34,27,34027,Distribution of population (%),"3,301",956,0.708,0.032,0.001,0.106,0.016,0.137,Large fringe metro,0
07/15/2020,NJ,Ocean County,2,34,29,34029,Distribution of all-cause deaths (%),"4,008",783,0.916,0.026,0,0.008,0,0.047,Large fringe metro,Data based on counts less than 10 suppressed
07/15/2020,NJ,Ocean County,2,34,29,34029,Distribution of COVID-19 deaths (%),"4,008",783,0.851,0.038,0,0.015,0,0.093,Large fringe metro,Data based on counts less than 10 suppressed
07/15/2020,NJ,Ocean County,2,34,29,34029,Distribution of population (%),"4,008",783,0.844,0.03,0.001,0.019,0.011,0.095,Large fringe metro,0
07/15/2020,NJ,Passaic County,2,34,31,34031,Distribution of all-cause deaths (%),"2,711",945,0.532,0.149,0,0.032,0,0.284,Large fringe metro,Data based on counts less than 10 suppressed
07/15/2020,NJ,Passaic County,2,34,31,34031,Distribution of COVID-19 deaths (%),"2,711",945,0.412,0.132,0,0.043,0,0.41,Large fringe metro,Data based on counts less than 10 suppressed
07/15/2020,NJ,Passaic County,2,34,31,34031,Distribution of population (%),"2,711",945,0.408,0.102,0.001,0.054,0.012,0.423,Large fringe metro,0
07/15/2020,NJ,Somerset County,2,34,35,34035,Distribution of all-cause deaths (%),"1,483",377,0.794,0.096,0,0.053,0,0.056,Large fringe metro,Data based on counts less than 10 suppressed
07/15/2020,NJ,Somerset County,2,34,35,34035,Distribution of COVID-19 deaths (%),"1,483",377,0.716,0.122,0,0.045,0,0.117,Large fringe metro,Data based on counts less than 10 suppressed
07/15/2020,NJ,Somerset County,2,34,35,34035,Distribution of population (%),"1,483",377,0.555,0.094,0.001,0.184,0.016,0.15,Large fringe metro,0
07/15/2020,NJ,Sussex County,2,34,37,34037,Distribution of all-cause deaths (%),678,154,0.885,0.053,0,0.015,0,0.044,Large fringe metro,Data based on counts less than 10 suppressed
07/15/2020,NJ,Sussex County,2,34,37,34037,Distribution of COVID-19 deaths (%),678,154,0.779,0.13,0,0,0,0.078,Large fringe metro,Data based on counts less than 10 suppressed
07/15/2020,NJ,Sussex County,2,34,37,34037,Distribution of population (%),678,154,0.858,0.021,0.001,0.019,0.014,0.086,Large fringe metro,0
07/15/2020,NJ,Union County,1,34,39,34039,Distribution of all-cause deaths (%),"3,018",959,0.518,0.254,0,0.029,0,0.195,Large central metro,Data based on counts less than 10 suppressed
07/15/2020,NJ,Union County,1,34,39,34039,Distribution of COVID-19 deaths (%),"3,018",959,0.391,0.279,0,0.044,0,0.283,Large central metro,Data based on counts less than 10 suppressed
07/15/2020,NJ,Union County,1,34,39,34039,Distribution of population (%),"3,018",959,0.398,0.209,0.001,0.055,0.014,0.323,Large central metro,0
07/15/2020,NJ,Warren County,3,34,41,34041,Distribution of all-cause deaths (%),546,134,0.907,0.033,0,0,0,0.049,Medium metro,Data based on counts less than 10 suppressed
07/15/2020,NJ,Warren County,3,34,41,34041,Distribution of COVID-19 deaths (%),546,134,0.888,0,0,0,0,0,Medium metro,Data based on counts less than 10 suppressed
07/15/2020,NJ,Warren County,3,34,41,34041,Distribution of population (%),546,134,0.811,0.048,0.001,0.029,0.014,0.097,Medium metro,0
07/15/2020,NM,Bernalillo County,3,35,1,35001,Distribution of all-cause deaths (%),"3,246",190,0.488,0.025,0.096,0.013,0.005,0.372,Medium metro,0
07/15/2020,NM,Bernalillo County,3,35,1,35001,Distribution of COVID-19 deaths (%),"3,246",190,0.295,0,0.532,0,0,0.168,Medium metro,Data based on counts less than 10 suppressed
07/15/2020,NM,Bernalillo County,3,35,1,35001,Distribution of population (%),"3,246",190,0.385,0.025,0.043,0.026,0.018,0.503,Medium metro,0
07/15/2020,NM,San Juan County,4,35,45,35045,Distribution of all-cause deaths (%),589,141,0.491,0,0.396,0,0,0.098,Small metro,Data based on counts less than 10 suppressed
07/15/2020,NM,San Juan County,4,35,45,35045,Distribution of COVID-19 deaths (%),589,141,0.362,0,0.539,0,0,0.078,Small metro,Data based on counts less than 10 suppressed
07/15/2020,NM,San Juan County,4,35,45,35045,Distribution of population (%),589,141,0.38,0.006,0.383,0.005,0.021,0.205,Small metro,0
07/15/2020,NV,Clark County,1,32,3,32003,Distribution of all-cause deaths (%),"8,393",392,0.662,0.133,0.004,0.072,0.017,0.112,Large central metro,0
07/15/2020,NV,Clark County,1,32,3,32003,Distribution of COVID-19 deaths (%),"8,393",392,0.441,0.179,0,0.161,0,0.207,Large central metro,Data based on counts less than 10 suppressed
07/15/2020,NV,Clark County,1,32,3,32003,Distribution of population (%),"8,393",392,0.422,0.117,0.005,0.099,0.044,0.314,Large central metro,0
07/15/2020,NY,Albany County,3,36,1,36001,Distribution of all-cause deaths (%),"1,852",180,0.839,0.115,0,0.016,0,0.025,Medium metro,Data based on counts less than 10 suppressed
07/15/2020,NY,Albany County,3,36,1,36001,Distribution of COVID-19 deaths (%),"1,852",180,0.772,0.144,0,0,0,0.056,Medium metro,Data based on counts less than 10 suppressed
07/15/2020,NY,Albany County,3,36,1,36001,Distribution of population (%),"1,852",180,0.718,0.128,0.001,0.067,0.024,0.061,Medium metro,0
07/15/2020,NY,Bronx County,1,36,5,36005,Distribution of all-cause deaths (%),"10,483","4,198",0.202,0.326,0,0.029,0.051,0.392,Large central metro,Data based on counts less than 10 suppressed
07/15/2020,NY,Bronx County,1,36,5,36005,Distribution of COVID-19 deaths (%),"10,483","4,198",0.137,0.317,0,0.034,0.054,0.458,Large central metro,Data based on counts less than 10 suppressed
07/15/2020,NY,Bronx County,1,36,5,36005,Distribution of population (%),"10,483","4,198",0.091,0.292,0.003,0.04,0.01,0.564,Large central metro,0
07/15/2020,NY,Dutchess County,2,36,27,36027,Distribution of all-cause deaths (%),"1,385",193,0.845,0.098,0,0.009,0,0.045,Large fringe metro,Data based on counts less than 10 suppressed
07/15/2020,NY,Dutchess County,2,36,27,36027,Distribution of COVID-19 deaths (%),"1,385",193,0.72,0.176,0,0,0,0.093,Large fringe metro,Data based on counts less than 10 suppressed
07/15/2020,NY,Dutchess County,2,36,27,36027,Distribution of population (%),"1,385",193,0.712,0.105,0.002,0.037,0.02,0.125,Large fringe metro,0
07/15/2020,NY,Erie County,1,36,29,36029,Distribution of all-cause deaths (%),"5,348",670,0.821,0.134,0.005,0.01,0.003,0.026,Large central metro,0
07/15/2020,NY,Erie County,1,36,29,36029,Distribution of COVID-19 deaths (%),"5,348",670,0.788,0.158,0,0.015,0,0.031,Large central metro,Data based on counts less than 10 suppressed
07/15/2020,NY,Erie County,1,36,29,36029,Distribution of population (%),"5,348",670,0.752,0.131,0.006,0.037,0.018,0.057,Large central metro,0
07/15/2020,NY,Kings County,1,36,47,36047,Distribution of all-cause deaths (%),"14,380","5,982",0.339,0.392,0,0.076,0.033,0.16,Large central metro,Data based on counts less than 10 suppressed
07/15/2020,NY,Kings County,1,36,47,36047,Distribution of COVID-19 deaths (%),"14,380","5,982",0.292,0.41,0,0.074,0.033,0.191,Large central metro,Data based on counts less than 10 suppressed
07/15/2020,NY,Kings County,1,36,47,36047,Distribution of population (%),"14,380","5,982",0.364,0.299,0.002,0.125,0.019,0.191,Large central metro,0
07/15/2020,NY,Monroe County,1,36,55,36055,Distribution of all-cause deaths (%),"3,868",311,0.822,0.121,0,0.01,0.003,0.041,Large central metro,Data based on counts less than 10 suppressed
07/15/2020,NY,Monroe County,1,36,55,36055,Distribution of COVID-19 deaths (%),"3,868",311,0.775,0.158,0,0,0,0.045,Large central metro,Data based on counts less than 10 suppressed
07/15/2020,NY,Monroe County,1,36,55,36055,Distribution of population (%),"3,868",311,0.703,0.146,0.002,0.036,0.022,0.09,Large central metro,0
07/15/2020,NY,Nassau County,2,36,59,36059,Distribution of all-cause deaths (%),"9,091","3,142",0.676,0.159,0,0.055,0.008,0.102,Large fringe metro,Data based on counts less than 10 suppressed
07/15/2020,NY,Nassau County,2,36,59,36059,Distribution of COVID-19 deaths (%),"9,091","3,142",0.544,0.207,0,0.075,0.009,0.165,Large fringe metro,Data based on counts less than 10 suppressed
07/15/2020,NY,Nassau County,2,36,59,36059,Distribution of population (%),"9,091","3,142",0.593,0.116,0.001,0.103,0.014,0.172,Large fringe metro,0
07/15/2020,NY,New York County,1,36,61,36061,Distribution of all-cause deaths (%),"10,485","3,877",0.377,0.213,0,0.083,0.045,0.282,Large central metro,Data based on counts less than 10 suppressed
07/15/2020,NY,New York County,1,36,61,36061,Distribution of COVID-19 deaths (%),"10,485","3,877",0.299,0.221,0,0.087,0.046,0.347,Large central metro,Data based on counts less than 10 suppressed
07/15/2020,NY,New York County,1,36,61,36061,Distribution of population (%),"10,485","3,877",0.47,0.125,0.001,0.125,0.021,0.259,Large central metro,0
07/15/2020,NY,Oneida County,3,36,65,36065,Distribution of all-cause deaths (%),"1,377",105,0.917,0.046,0,0.012,0,0.017,Medium metro,Data based on counts less than 10 suppressed
07/15/2020,NY,Oneida County,3,36,65,36065,Distribution of COVID-19 deaths (%),"1,377",105,0.876,0,0,0,0,0,Medium metro,Data based on counts less than 10 suppressed
07/15/2020,NY,Oneida County,3,36,65,36065,Distribution of population (%),"1,377",105,0.816,0.061,0.002,0.041,0.019,0.061,Medium metro,0
07/15/2020,NY,Onondaga County,3,36,67,36067,Distribution of all-cause deaths (%),"2,629",211,0.873,0.087,0.006,0.01,0.005,0.018,Medium metro,0
07/15/2020,NY,Onondaga County,3,36,67,36067,Distribution of COVID-19 deaths (%),"2,629",211,0.758,0.142,0,0.052,0,0,Medium metro,Data based on counts less than 10 suppressed
07/15/2020,NY,Onondaga County,3,36,67,36067,Distribution of population (%),"2,629",211,0.766,0.109,0.007,0.038,0.028,0.051,Medium metro,0
07/15/2020,NY,Orange County,2,36,71,36071,Distribution of all-cause deaths (%),"1,767",470,0.757,0.102,0,0.014,0.006,0.12,Large fringe metro,Data based on counts less than 10 suppressed
07/15/2020,NY,Orange County,2,36,71,36071,Distribution of COVID-19 deaths (%),"1,767",470,0.589,0.164,0,0,0,0.217,Large fringe metro,Data based on counts less than 10 suppressed
07/15/2020,NY,Orange County,2,36,71,36071,Distribution of population (%),"1,767",470,0.635,0.104,0.003,0.028,0.021,0.21,Large fringe metro,0
07/15/2020,NY,Queens County,1,36,81,36081,Distribution of all-cause deaths (%),"12,663","5,343",0.341,0.22,0,0.184,0.044,0.211,Large central metro,Data based on counts less than 10 suppressed
07/15/2020,NY,Queens County,1,36,81,36081,Distribution of COVID-19 deaths (%),"12,663","5,343",0.257,0.222,0,0.185,0.048,0.288,Large central metro,Data based on counts less than 10 suppressed
07/15/2020,NY,Queens County,1,36,81,36081,Distribution of population (%),"12,663","5,343",0.25,0.18,0.003,0.264,0.022,0.281,Large central metro,0
07/15/2020,NY,Richmond County,1,36,85,36085,Distribution of all-cause deaths (%),"2,830",964,0.695,0.111,0,0.054,0.045,0.094,Large central metro,Data based on counts less than 10 suppressed
07/15/2020,NY,Richmond County,1,36,85,36085,Distribution of COVID-19 deaths (%),"2,830",964,0.609,0.144,0,0.063,0.048,0.136,Large central metro,Data based on counts less than 10 suppressed
07/15/2020,NY,Richmond County,1,36,85,36085,Distribution of population (%),"2,830",964,0.603,0.094,0.001,0.099,0.015,0.187,Large central metro,0
07/15/2020,NY,Rockland County,2,36,87,36087,Distribution of all-cause deaths (%),"1,736",642,0.661,0.162,0,0.048,0,0.124,Large fringe metro,Data based on counts less than 10 suppressed
07/15/2020,NY,Rockland County,2,36,87,36087,Distribution of COVID-19 deaths (%),"1,736",642,0.559,0.217,0,0.059,0,0.162,Large fringe metro,Data based on counts less than 10 suppressed
07/15/2020,NY,Rockland County,2,36,87,36087,Distribution of population (%),"1,736",642,0.628,0.114,0.001,0.061,0.014,0.181,Large fringe metro,0
07/15/2020,NY,Suffolk County,2,36,103,36103,Distribution of all-cause deaths (%),"8,582","2,642",0.786,0.078,0.001,0.021,0.005,0.109,Large fringe metro,0
07/15/2020,NY,Suffolk County,2,36,103,36103,Distribution of COVID-19 deaths (%),"8,582","2,642",0.663,0.105,0,0.028,0.006,0.197,Large fringe metro,Data based on counts less than 10 suppressed
07/15/2020,NY,Suffolk County,2,36,103,36103,Distribution of population (%),"8,582","2,642",0.672,0.074,0.002,0.04,0.014,0.198,Large fringe metro,0
07/15/2020,NY,Westchester County,2,36,119,36119,Distribution of all-cause deaths (%),"5,348","1,820",0.658,0.162,0,0.028,0.006,0.147,Large fringe metro,Data based on counts less than 10 suppressed
07/15/2020,NY,Westchester County,2,36,119,36119,Distribution of COVID-19 deaths (%),"5,348","1,820",0.571,0.18,0,0.03,0.005,0.213,Large fringe metro,Data based on counts less than 10 suppressed
07/15/2020,NY,Westchester County,2,36,119,36119,Distribution of population (%),"5,348","1,820",0.531,0.138,0.001,0.062,0.016,0.251,Large fringe metro,0
07/15/2020,OH,Cuyahoga County,1,39,35,39035,Distribution of all-cause deaths (%),"7,173",362,0.711,0.258,0,0.009,0,0.021,Large central metro,Data based on counts less than 10 suppressed
07/15/2020,OH,Cuyahoga County,1,39,35,39035,Distribution of COVID-19 deaths (%),"7,173",362,0.696,0.271,0,0,0,0,Large central metro,Data based on counts less than 10 suppressed
07/15/2020,OH,Cuyahoga County,1,39,35,39035,Distribution of population (%),"7,173",362,0.588,0.296,0.002,0.033,0.02,0.062,Large central metro,0
07/15/2020,OH,Franklin County,1,39,49,39049,Distribution of all-cause deaths (%),"6,201",420,0.772,0.193,0,0.018,0.005,0.011,Large central metro,Data based on counts less than 10 suppressed
07/15/2020,OH,Franklin County,1,39,49,39049,Distribution of COVID-19 deaths (%),"6,201",420,0.683,0.252,0,0.043,0,0,Large central metro,Data based on counts less than 10 suppressed
07/15/2020,OH,Franklin County,1,39,49,39049,Distribution of population (%),"6,201",420,0.626,0.229,0.002,0.056,0.03,0.057,Large central metro,0
07/15/2020,OH,Hamilton County,1,39,61,39061,Distribution of all-cause deaths (%),"4,403",158,0.772,0.208,0,0.01,0,0.007,Large central metro,Data based on counts less than 10 suppressed
07/15/2020,OH,Hamilton County,1,39,61,39061,Distribution of COVID-19 deaths (%),"4,403",158,0.69,0.285,0,0,0,0,Large central metro,Data based on counts less than 10 suppressed
07/15/2020,OH,Hamilton County,1,39,61,39061,Distribution of population (%),"4,403",158,0.65,0.262,0.001,0.028,0.024,0.035,Large central metro,0
07/15/2020,OH,Lucas County,3,39,95,39095,Distribution of all-cause deaths (%),"2,720",312,0.792,0.169,0,0,0,0.032,Medium metro,Data based on counts less than 10 suppressed
07/15/2020,OH,Lucas County,3,39,95,39095,Distribution of COVID-19 deaths (%),"2,720",312,0.734,0.218,0,0,0,0.042,Medium metro,Data based on counts less than 10 suppressed
07/15/2020,OH,Lucas County,3,39,95,39095,Distribution of population (%),"2,720",312,0.684,0.196,0.002,0.017,0.028,0.073,Medium metro,0
07/15/2020,OH,Mahoning County,3,39,99,39099,Distribution of all-cause deaths (%),"1,731",208,0.85,0.122,0,0,0,0.023,Medium metro,Data based on counts less than 10 suppressed
07/15/2020,OH,Mahoning County,3,39,99,39099,Distribution of COVID-19 deaths (%),"1,731",208,0.841,0.139,0,0,0,0,Medium metro,Data based on counts less than 10 suppressed
07/15/2020,OH,Mahoning County,3,39,99,39099,Distribution of population (%),"1,731",208,0.756,0.151,0.002,0.009,0.02,0.064,Medium metro,0
07/15/2020,OH,Stark County,3,39,151,39151,Distribution of all-cause deaths (%),"2,160",106,0.924,0.066,0,0,0.005,0,Medium metro,Data based on counts less than 10 suppressed
07/15/2020,OH,Stark County,3,39,151,39151,Distribution of COVID-19 deaths (%),"2,160",106,0.925,0,0,0,0,0,Medium metro,Data based on counts less than 10 suppressed
07/15/2020,OH,Stark County,3,39,151,39151,Distribution of population (%),"2,160",106,0.863,0.078,0.002,0.01,0.025,0.022,Medium metro,0
07/15/2020,OH,Summit County,3,39,153,39153,Distribution of all-cause deaths (%),"2,858",174,0.839,0.145,0,0.008,0,0.004,Medium metro,Data based on counts less than 10 suppressed
07/15/2020,OH,Summit County,3,39,153,39153,Distribution of COVID-19 deaths (%),"2,858",174,0.759,0.218,0,0,0,0,Medium metro,Data based on counts less than 10 suppressed
07/15/2020,OH,Summit County,3,39,153,39153,Distribution of population (%),"2,858",174,0.766,0.148,0.002,0.038,0.024,0.022,Medium metro,0
07/15/2020,OK,Tulsa County,3,40,143,40143,Distribution of all-cause deaths (%),"3,615",109,0.765,0.089,0.078,0.008,0.034,0.025,Medium metro,0
07/15/2020,OK,Tulsa County,3,40,143,40143,Distribution of COVID-19 deaths (%),"3,615",109,0.679,0,0.138,0,0,0,Medium metro,Data based on counts less than 10 suppressed
07/15/2020,OK,Tulsa County,3,40,143,40143,Distribution of population (%),"3,615",109,0.616,0.104,0.06,0.034,0.056,0.13,Medium metro,0
07/15/2020,PA,Allegheny County,1,42,3,42003,Distribution of all-cause deaths (%),"7,015",213,0.861,0.121,0,0.008,0.004,0.006,Large central metro,Data based on counts less than 10 suppressed
07/15/2020,PA,Allegheny County,1,42,3,42003,Distribution of COVID-19 deaths (%),"7,015",213,0.77,0.221,0,0,0,0,Large central metro,Data based on counts less than 10 suppressed
07/15/2020,PA,Allegheny County,1,42,3,42003,Distribution of population (%),"7,015",213,0.784,0.132,0.001,0.041,0.021,0.022,Large central metro,0
07/15/2020,PA,Berks County,3,42,11,42011,Distribution of all-cause deaths (%),"1,933",334,0.86,0.037,0,0.007,0,0.094,Medium metro,Data based on counts less than 10 suppressed
07/15/2020,PA,Berks County,3,42,11,42011,Distribution of COVID-19 deaths (%),"1,933",334,0.766,0.048,0,0,0,0.171,Medium metro,Data based on counts less than 10 suppressed
07/15/2020,PA,Berks County,3,42,11,42011,Distribution of population (%),"1,933",334,0.709,0.042,0.001,0.015,0.014,0.219,Medium metro,0
07/15/2020,PA,Bucks County,2,42,17,42017,Distribution of all-cause deaths (%),"3,188",547,0.924,0.037,0,0.02,0,0.019,Large fringe metro,Data based on counts less than 10 suppressed
07/15/2020,PA,Bucks County,2,42,17,42017,Distribution of COVID-19 deaths (%),"3,188",547,0.905,0.049,0,0.018,0,0.027,Large fringe metro,Data based on counts less than 10 suppressed
07/15/2020,PA,Bucks County,2,42,17,42017,Distribution of population (%),"3,188",547,0.838,0.04,0.001,0.051,0.016,0.055,Large fringe metro,0
07/15/2020,PA,Chester County,2,42,29,42029,Distribution of all-cause deaths (%),"2,174",377,0.891,0.075,0,0.013,0.005,0.016,Large fringe metro,Data based on counts less than 10 suppressed
07/15/2020,PA,Chester County,2,42,29,42029,Distribution of COVID-19 deaths (%),"2,174",377,0.828,0.127,0,0,0,0,Large fringe metro,Data based on counts less than 10 suppressed
07/15/2020,PA,Chester County,2,42,29,42029,Distribution of population (%),"2,174",377,0.791,0.057,0.001,0.058,0.017,0.076,Large fringe metro,0
07/15/2020,PA,Dauphin County,3,42,43,42043,Distribution of all-cause deaths (%),"1,524",144,0.812,0.12,0,0.02,0,0.041,Medium metro,Data based on counts less than 10 suppressed
07/15/2020,PA,Dauphin County,3,42,43,42043,Distribution of COVID-19 deaths (%),"1,524",144,0.708,0.215,0,0,0,0,Medium metro,Data based on counts less than 10 suppressed
07/15/2020,PA,Dauphin County,3,42,43,42043,Distribution of population (%),"1,524",144,0.651,0.174,0.002,0.049,0.028,0.096,Medium metro,0
07/15/2020,PA,Delaware County,2,42,45,42045,Distribution of all-cause deaths (%),"2,764",666,0.751,0.215,0,0.016,0,0.014,Large fringe metro,Data based on counts less than 10 suppressed
07/15/2020,PA,Delaware County,2,42,45,42045,Distribution of COVID-19 deaths (%),"2,764",666,0.701,0.263,0,0.018,0,0.018,Large fringe metro,Data based on counts less than 10 suppressed
07/15/2020,PA,Delaware County,2,42,45,42045,Distribution of population (%),"2,764",666,0.663,0.216,0.001,0.06,0.02,0.039,Large fringe metro,0
07/15/2020,PA,Lackawanna County,3,42,69,42069,Distribution of all-cause deaths (%),"1,403",227,0.955,0.021,0,0,0,0.019,Medium metro,Data based on counts less than 10 suppressed
07/15/2020,PA,Lackawanna County,3,42,69,42069,Distribution of COVID-19 deaths (%),"1,403",227,0.96,0,0,0,0,0,Medium metro,Data based on counts less than 10 suppressed
07/15/2020,PA,Lackawanna County,3,42,69,42069,Distribution of population (%),"1,403",227,0.843,0.029,0.001,0.031,0.015,0.081,Medium metro,0
07/15/2020,PA,Lancaster County,3,42,71,42071,Distribution of all-cause deaths (%),"2,653",357,0.93,0.021,0,0.008,0.004,0.037,Medium metro,Data based on counts less than 10 suppressed
07/15/2020,PA,Lancaster County,3,42,71,42071,Distribution of COVID-19 deaths (%),"2,653",357,0.894,0,0,0,0,0.062,Medium metro,Data based on counts less than 10 suppressed
07/15/2020,PA,Lancaster County,3,42,71,42071,Distribution of population (%),"2,653",357,0.816,0.036,0.001,0.024,0.015,0.108,Medium metro,0
07/15/2020,PA,Lehigh County,3,42,77,42077,Distribution of all-cause deaths (%),"2,410",443,0.859,0.045,0,0.009,0,0.083,Medium metro,Data based on counts less than 10 suppressed
07/15/2020,PA,Lehigh County,3,42,77,42077,Distribution of COVID-19 deaths (%),"2,410",443,0.777,0.061,0,0,0,0.151,Medium metro,Data based on counts less than 10 suppressed
07/15/2020,PA,Lehigh County,3,42,77,42077,Distribution of population (%),"2,410",443,0.634,0.058,0.001,0.036,0.016,0.254,Medium metro,0
07/15/2020,PA,Luzerne County,3,42,79,42079,Distribution of all-cause deaths (%),"1,756",177,0.938,0.026,0,0,0,0.031,Medium metro,Data based on counts less than 10 suppressed
07/15/2020,PA,Luzerne County,3,42,79,42079,Distribution of COVID-19 deaths (%),"1,756",177,0.876,0,0,0,0,0.096,Medium metro,Data based on counts less than 10 suppressed
07/15/2020,PA,Luzerne County,3,42,79,42079,Distribution of population (%),"1,756",177,0.804,0.041,0.001,0.013,0.013,0.129,Medium metro,0
07/15/2020,PA,Montgomery County,2,42,91,42091,Distribution of all-cause deaths (%),"4,677","1,060",0.773,0.173,0,0.028,0.004,0.022,Large fringe metro,Data based on counts less than 10 suppressed
07/15/2020,PA,Montgomery County,2,42,91,42091,Distribution of COVID-19 deaths (%),"4,677","1,060",0.64,0.285,0,0.038,0,0.034,Large fringe metro,Data based on counts less than 10 suppressed
07/15/2020,PA,Montgomery County,2,42,91,42091,Distribution of population (%),"4,677","1,060",0.753,0.094,0.001,0.079,0.019,0.053,Large fringe metro,0
07/15/2020,PA,Northampton County,3,42,95,42095,Distribution of all-cause deaths (%),"1,389",242,0.902,0.04,0,0.008,0,0.048,Medium metro,Data based on counts less than 10 suppressed
07/15/2020,PA,Northampton County,3,42,95,42095,Distribution of COVID-19 deaths (%),"1,389",242,0.864,0.058,0,0,0,0.054,Medium metro,Data based on counts less than 10 suppressed
07/15/2020,PA,Northampton County,3,42,95,42095,Distribution of population (%),"1,389",242,0.759,0.055,0.001,0.029,0.017,0.138,Medium metro,0
07/15/2020,PA,Philadelphia County,1,42,101,42101,Distribution of all-cause deaths (%),"8,112","1,448",0.437,0.449,0,0.034,0.003,0.076,Large central metro,Data based on counts less than 10 suppressed
07/15/2020,PA,Philadelphia County,1,42,101,42101,Distribution of COVID-19 deaths (%),"8,112","1,448",0.348,0.513,0,0.044,0,0.091,Large central metro,Data based on counts less than 10 suppressed
07/15/2020,PA,Philadelphia County,1,42,101,42101,Distribution of population (%),"8,112","1,448",0.344,0.407,0.002,0.076,0.02,0.152,Large central metro,0
07/15/2020,RI,Providence County,1,44,7,44007,Distribution of all-cause deaths (%),"3,527",739,0.878,0.041,0,0.014,0.005,0.06,Large central metro,Data based on counts less than 10 suppressed
07/15/2020,RI,Providence County,1,44,7,44007,Distribution of COVID-19 deaths (%),"3,527",739,0.824,0.065,0,0.015,0,0.089,Large central metro,Data based on counts less than 10 suppressed
07/15/2020,RI,Providence County,1,44,7,44007,Distribution of population (%),"3,527",739,0.609,0.087,0.004,0.043,0.023,0.234,Large central metro,0
07/15/2020,SC,Florence County,4,45,41,45041,Distribution of all-cause deaths (%),"1,340",109,0.575,0.413,0,0,0,0,Small metro,Data based on counts less than 10 suppressed
07/15/2020,SC,Florence County,4,45,41,45041,Distribution of COVID-19 deaths (%),"1,340",109,0.349,0.651,0,0,0,0,Small metro,Data based on counts less than 10 suppressed
07/15/2020,SC,Florence County,4,45,41,45041,Distribution of population (%),"1,340",109,0.515,0.427,0.003,0.015,0.013,0.027,Small metro,0
07/15/2020,SC,Richland County,3,45,79,45079,Distribution of all-cause deaths (%),"1,914",119,0.516,0.454,0,0.009,0,0.017,Medium metro,Data based on counts less than 10 suppressed
07/15/2020,SC,Richland County,3,45,79,45079,Distribution of COVID-19 deaths (%),"1,914",119,0.429,0.538,0,0,0,0,Medium metro,Data based on counts less than 10 suppressed
07/15/2020,SC,Richland County,3,45,79,45079,Distribution of population (%),"1,914",119,0.421,0.473,0.003,0.029,0.022,0.052,Medium metro,0
07/15/2020,TN,Davidson County,1,47,37,47037,Distribution of all-cause deaths (%),"3,810",126,0.746,0.211,0,0.012,0.004,0.026,Large central metro,Data based on counts less than 10 suppressed
07/15/2020,TN,Davidson County,1,47,37,47037,Distribution of COVID-19 deaths (%),"3,810",126,0.429,0.317,0,0,0,0.183,Large central metro,Data based on counts less than 10 suppressed
07/15/2020,TN,Davidson County,1,47,37,47037,Distribution of population (%),"3,810",126,0.562,0.271,0.002,0.038,0.022,0.104,Large central metro,0
07/15/2020,TN,Shelby County,1,47,157,47157,Distribution of all-cause deaths (%),"4,899",159,0.489,0.478,0,0.008,0.003,0.02,Large central metro,Data based on counts less than 10 suppressed
07/15/2020,TN,Shelby County,1,47,157,47157,Distribution of COVID-19 deaths (%),"4,899",159,0.34,0.604,0,0,0,0,Large central metro,Data based on counts less than 10 suppressed
07/15/2020,TN,Shelby County,1,47,157,47157,Distribution of population (%),"4,899",159,0.356,0.536,0.002,0.027,0.014,0.065,Large central metro,0
07/15/2020,TX,Bexar County,1,48,29,48029,Distribution of all-cause deaths (%),"6,742",161,0.438,0.075,0.002,0.013,0.003,0.469,Large central metro,0
07/15/2020,TX,Bexar County,1,48,29,48029,Distribution of COVID-19 deaths (%),"6,742",161,0.224,0.106,0,0,0,0.634,Large central metro,Data based on counts less than 10 suppressed
07/15/2020,TX,Bexar County,1,48,29,48029,Distribution of population (%),"6,742",161,0.274,0.074,0.002,0.03,0.016,0.605,Large central metro,0
07/15/2020,TX,Dallas County,1,48,113,48113,Distribution of all-cause deaths (%),"7,966",312,0.52,0.276,0.002,0.027,0.002,0.172,Large central metro,0
07/15/2020,TX,Dallas County,1,48,113,48113,Distribution of COVID-19 deaths (%),"7,966",312,0.324,0.263,0,0,0,0.378,Large central metro,Data based on counts less than 10 suppressed
07/15/2020,TX,Dallas County,1,48,113,48113,Distribution of population (%),"7,966",312,0.286,0.226,0.003,0.066,0.014,0.405,Large central metro,0
07/15/2020,TX,El Paso County,3,48,141,48141,Distribution of all-cause deaths (%),"2,819",146,0.208,0.022,0,0,0.004,0.759,Medium metro,Data based on counts less than 10 suppressed
07/15/2020,TX,El Paso County,3,48,141,48141,Distribution of COVID-19 deaths (%),"2,819",146,0.116,0,0,0,0,0.884,Medium metro,Data based on counts less than 10 suppressed
07/15/2020,TX,El Paso County,3,48,141,48141,Distribution of population (%),"2,819",146,0.116,0.031,0.003,0.011,0.01,0.83,Medium metro,0
07/15/2020,TX,Galveston County,2,48,167,48167,Distribution of all-cause deaths (%),"1,191",105,0.675,0.154,0,0.015,0,0.151,Large fringe metro,Data based on counts less than 10 suppressed
07/15/2020,TX,Galveston County,2,48,167,48167,Distribution of COVID-19 deaths (%),"1,191",105,0.438,0.219,0,0,0,0.343,Large fringe metro,Data based on counts less than 10 suppressed
07/15/2020,TX,Galveston County,2,48,167,48167,Distribution of population (%),"1,191",105,0.57,0.126,0.004,0.033,0.016,0.25,Large fringe metro,0
07/15/2020,TX,Harris County,1,48,201,48201,Distribution of all-cause deaths (%),"13,789",494,0.501,0.235,0.001,0.049,0.004,0.211,Large central metro,0
07/15/2020,TX,Harris County,1,48,201,48201,Distribution of COVID-19 deaths (%),"13,789",494,0.257,0.259,0,0.087,0,0.393,Large central metro,Data based on counts less than 10 suppressed
07/15/2020,TX,Harris County,1,48,201,48201,Distribution of population (%),"13,789",494,0.291,0.188,0.002,0.072,0.014,0.433,Large central metro,0
07/15/2020,TX,Tarrant County,1,48,439,48439,Distribution of all-cause deaths (%),"7,154",240,0.698,0.145,0,0.027,0.005,0.124,Large central metro,Data based on counts less than 10 suppressed
07/15/2020,TX,Tarrant County,1,48,439,48439,Distribution of COVID-19 deaths (%),"7,154",240,0.45,0.238,0,0,0,0.271,Large central metro,Data based on counts less than 10 suppressed
07/15/2020,TX,Tarrant County,1,48,439,48439,Distribution of population (%),"7,154",240,0.459,0.167,0.004,0.057,0.021,0.292,Large central metro,0
07/15/2020,TX,Travis County,1,48,453,48453,Distribution of all-cause deaths (%),"3,104",125,0.666,0.111,0,0.024,0.005,0.193,Large central metro,Data based on counts less than 10 suppressed
07/15/2020,TX,Travis County,1,48,453,48453,Distribution of COVID-19 deaths (%),"3,104",125,0.416,0.128,0,0,0,0.432,Large central metro,Data based on counts less than 10 suppressed
07/15/2020,TX,Travis County,1,48,453,48453,Distribution of population (%),"3,104",125,0.488,0.08,0.002,0.07,0.02,0.339,Large central metro,0
07/15/2020,UT,Salt Lake County,1,49,35,49035,Distribution of all-cause deaths (%),"3,473",121,0.848,0.01,0.011,0.02,0.022,0.088,Large central metro,0
07/15/2020,UT,Salt Lake County,1,49,35,49035,Distribution of COVID-19 deaths (%),"3,473",121,0.587,0,0,0,0,0.273,Large central metro,Data based on counts less than 10 suppressed
07/15/2020,UT,Salt Lake County,1,49,35,49035,Distribution of population (%),"3,473",121,0.707,0.017,0.007,0.045,0.039,0.186,Large central metro,0
07/15/2020,VA,Arlington County,1,51,13,51013,Distribution of all-cause deaths (%),730,150,0.612,0.2,0,0.088,0,0.093,Large central metro,Data based on counts less than 10 suppressed
07/15/2020,VA,Arlington County,1,51,13,51013,Distribution of COVID-19 deaths (%),730,150,0.473,0.26,0,0.093,0,0.173,Large central metro,Data based on counts less than 10 suppressed
07/15/2020,VA,Arlington County,1,51,13,51013,Distribution of population (%),730,150,0.612,0.09,0.002,0.109,0.029,0.158,Large central metro,0
07/15/2020,VA,Fairfax County,2,51,59,51059,Distribution of all-cause deaths (%),"2,711",442,0.677,0.096,0,0.131,0.006,0.091,Large fringe metro,Data based on counts less than 10 suppressed
07/15/2020,VA,Fairfax County,2,51,59,51059,Distribution of COVID-19 deaths (%),"2,711",442,0.566,0.109,0,0.147,0,0.174,Large fringe metro,Data based on counts less than 10 suppressed
07/15/2020,VA,Fairfax County,2,51,59,51059,Distribution of population (%),"2,711",442,0.503,0.098,0.001,0.2,0.034,0.164,Large fringe metro,0
07/15/2020,VA,Henrico County,2,51,87,51087,Distribution of all-cause deaths (%),"1,602",140,0.656,0.29,0,0.016,0.011,0.024,Large fringe metro,Data based on counts less than 10 suppressed
07/15/2020,VA,Henrico County,2,51,87,51087,Distribution of COVID-19 deaths (%),"1,602",140,0.529,0.4,0,0,0,0,Large fringe metro,Data based on counts less than 10 suppressed
07/15/2020,VA,Henrico County,2,51,87,51087,Distribution of population (%),"1,602",140,0.527,0.3,0.003,0.09,0.023,0.058,Large fringe metro,0
07/15/2020,VA,Loudoun County,2,51,107,51107,Distribution of all-cause deaths (%),917,121,0.764,0.082,0,0.091,0,0.058,Large fringe metro,Data based on counts less than 10 suppressed
07/15/2020,VA,Loudoun County,2,51,107,51107,Distribution of COVID-19 deaths (%),917,121,0.744,0,0,0.107,0,0.083,Large fringe metro,Data based on counts less than 10 suppressed
07/15/2020,VA,Loudoun County,2,51,107,51107,Distribution of population (%),917,121,0.553,0.074,0.002,0.198,0.035,0.138,Large fringe metro,0
07/15/2020,WA,King County,1,53,33,53033,Distribution of all-cause deaths (%),"6,589",566,0.751,0.064,0.012,0.103,0.023,0.048,Large central metro,0
07/15/2020,WA,King County,1,53,33,53033,Distribution of COVID-19 deaths (%),"6,589",566,0.693,0.06,0,0.148,0,0.085,Large central metro,Data based on counts less than 10 suppressed
07/15/2020,WA,King County,1,53,33,53033,Distribution of population (%),"6,589",566,0.589,0.066,0.006,0.19,0.053,0.098,Large central metro,0
07/15/2020,WA,Snohomish County,2,53,61,53061,Distribution of all-cause deaths (%),"2,550",140,0.865,0.022,0.013,0.052,0.02,0.028,Large fringe metro,0
07/15/2020,WA,Snohomish County,2,53,61,53061,Distribution of COVID-19 deaths (%),"2,550",140,0.8,0,0,0.079,0,0,Large fringe metro,Data based on counts less than 10 suppressed
07/15/2020,WA,Snohomish County,2,53,61,53061,Distribution of population (%),"2,550",140,0.688,0.034,0.011,0.114,0.048,0.104,Large fringe metro,0
07/15/2020,WA,Yakima County,4,53,77,53077,Distribution of all-cause deaths (%),"1,046",131,0.727,0.01,0.068,0,0,0.18,Small metro,Data based on counts less than 10 suppressed
07/15/2020,WA,Yakima County,4,53,77,53077,Distribution of COVID-19 deaths (%),"1,046",131,0.55,0,0.13,0,0,0.29,Small metro,Data based on counts less than 10 suppressed
07/15/2020,WA,Yakima County,4,53,77,53077,Distribution of population (%),"1,046",131,0.427,0.008,0.036,0.012,0.018,0.499,Small metro,0
07/15/2020,WI,Milwaukee County,1,55,79,55079,Distribution of all-cause deaths (%),"4,707",370,0.656,0.259,0.003,0.018,0.004,0.059,Large central metro,0
07/15/2020,WI,Milwaukee County,1,55,79,55079,Distribution of COVID-19 deaths (%),"4,707",370,0.446,0.4,0,0.032,0,0.119,Large central metro,Data based on counts less than 10 suppressed
07/15/2020,WI,Milwaukee County,1,55,79,55079,Distribution of population (%),"4,707",370,0.51,0.262,0.006,0.046,0.023,0.154,Large central metro,0
